site,monthyear_date,tested,cases,proportion_rdt,count_rdt,notsuspect,suspect,mths_since_irs_continuous,tpr,tpr_adj_cases,cases_adjusted,month,Latitude,Longitude,precip_lag,precip
Aduku,1/1/2020,1526,1080,0.915465269,1397,598,1526,NA,0.707732634,0,1080,1,1.9954,32.7182,247.8425446,20.15823746
Aduku,2/1/2020,1130,783,0.885840708,1001,478,1130,NA,0.692920354,0,783,2,1.9954,32.7182,20.15823746,39.6463089
Aduku,3/1/2020,2087,1550,0.92189746,1924,644,2088,NA,0.742692861,0.742692861,1551,3,1.9954,32.7182,39.6463089,154.3974304
Aduku,4/1/2020,1737,1283,0.99884859,1735,629,1738,NA,0.738629822,0.738629822,1284,4,1.9954,32.7182,154.3974304,158.8478394
Aduku,5/1/2020,1628,1024,0.492014742,801,695,1628,NA,0.628992629,0,1024,5,1.9954,32.7182,158.8478394,120.4293365
Aduku,6/1/2020,1565,1028,0.341214058,534,546,1565,NA,0.65686901,0,1028,6,1.9954,32.7182,120.4293365,130.1112976
Aduku,7/1/2020,1967,1307,0.392475852,772,678,1967,NA,0.66446365,0,1307,7,1.9954,32.7182,130.1112976,96.58112335
Aduku,8/1/2020,1626,1042,0.618696187,1006,665,1627,NA,0.640836408,0.640836408,1043,8,1.9954,32.7182,96.58112335,197.4676971
Aduku,9/1/2020,1697,1082,0.60047142,1019,697,1697,NA,0.637595757,0,1082,9,1.9954,32.7182,197.4676971,209.6235199
Aduku,10/1/2020,1757,1113,0.581104155,1021,717,1757,NA,0.633466135,0,1113,10,1.9954,32.7182,209.6235199,141.8991394
Aduku,11/1/2020,1123,717,0.63935886,718,501,1123,NA,0.638468388,0,717,11,1.9954,32.7182,141.8991394,144.8914948
Aduku,12/1/2020,1290,809,0.652713178,842,553,1290,NA,0.627131783,0,809,12,1.9954,32.7182,144.8914948,24.65811348
Aduku,1/1/2021,1289,808,0.652443755,841,550,1289,NA,0.626842514,0,808,1,1.9954,32.7182,24.65811348,35.52910614
Aduku,2/1/2021,1413,720,0.589525832,833,758,1420,NA,0.50955414,3.566878981,724,2,1.9954,32.7182,35.52910614,28.85421944
Aduku,3/1/2021,1470,729,0.572108844,841,783,1470,NA,0.495918367,0,729,3,1.9954,32.7182,28.85421944,43.84811401
Aduku,4/1/2021,1331,667,0.574755823,765,755,1331,NA,0.501126972,0,667,4,1.9954,32.7182,43.84811401,123.7315674
Aduku,5/1/2021,1863,927,0.594202899,1107,980,1863,NA,0.497584541,0,927,5,1.9954,32.7182,123.7315674,128.4253235
Aduku,6/1/2021,1626,807,0.613161132,997,823,1626,NA,0.496309963,0,807,6,1.9954,32.7182,128.4253235,97.47257996
Aduku,7/1/2021,1543,764,0.59235256,914,813,1543,NA,0.495139339,0,764,7,1.9954,32.7182,97.47257996,57.52319336
Aduku,8/1/2021,1092,482,0.692307692,756,968,1092,NA,0.441391941,0,482,8,1.9954,32.7182,57.52319336,144.2105408
Aduku,9/1/2021,1024,472,0.067382813,69,746,1024,NA,0.4609375,0,472,9,1.9954,32.7182,144.2105408,169.1844788
Aduku,10/1/2021,1562,784,0.1184379,185,800,1562,NA,0.501920615,0,784,10,1.9954,32.7182,169.1844788,115.8860931
Alebtong,6/1/2014,888,875,0.989864865,879,1189,958,0,0.98536036,68.97522523,944,6,2.260724,33.237167,261.0402832,226.417099
Alebtong,7/1/2014,1082,706,0.947319778,1025,924,1199,0,0.652495379,76.34195933,782,7,2.260724,33.237167,226.417099,176.6877594
Alebtong,8/1/2014,655,392,0.903816794,592,691,731,0,0.598473282,45.48396947,437,8,2.260724,33.237167,176.6877594,231.3381653
Alebtong,9/1/2014,558,370,0.94265233,526,1030,708,0,0.663082437,99.46236559,469,9,2.260724,33.237167,231.3381653,144.6702881
Alebtong,10/1/2014,461,265,0.986984816,455,867,822,0,0.57483731,207.516269,473,10,2.260724,33.237167,144.6702881,173.7770844
Alebtong,11/1/2014,433,228,1,433,1512,972,0,0.526558891,283.8152425,512,11,2.260724,33.237167,173.7770844,92.73106384
Alebtong,12/1/2014,370,220,0.997297297,369,1410,788,0,0.594594595,248.5405405,469,12,2.260724,33.237167,92.73106384,24.89381599
Alebtong,1/1/2015,342,153,0.997076023,341,1042,516,0,0.447368421,77.84210526,231,1,2.260724,33.237167,24.89381599,2.960917473
Alebtong,2/1/2015,550,169,0.998181818,549,955,679,1,0.307272727,39.63818182,209,2,2.260724,33.237167,2.960917473,18.63467789
Alebtong,3/1/2015,459,133,0.997821351,458,1433,628,2,0.289760349,48.96949891,182,3,2.260724,33.237167,18.63467789,54.53475571
Alebtong,4/1/2015,292,79,1,292,1109,414,3,0.270547945,33.00684932,112,4,2.260724,33.237167,54.53475571,248.9295959
Alebtong,5/1/2015,66,18,1,66,1070,546,4,0.272727273,130.9090909,149,5,2.260724,33.237167,248.9295959,174.965271
Alebtong,6/1/2015,804,565,0.998756219,803,1367,1234,5,0.702736318,302.1766169,867,6,2.260724,33.237167,174.965271,227.827179
Alebtong,7/1/2015,952,645,1,952,845,1044,6,0.677521008,62.33193277,707,7,2.260724,33.237167,227.827179,200.320755
Alebtong,8/1/2015,626,288,0.987220447,618,642,637,7,0.460063898,5.060702875,293,8,2.260724,33.237167,200.320755,154.625412
Alebtong,9/1/2015,610,176,0.998360656,609,884,630,8,0.28852459,5.770491803,182,9,2.260724,33.237167,154.625412,142.6977844
Alebtong,10/1/2015,541,171,0.985212569,533,923,589,9,0.316081331,15.17190388,186,10,2.260724,33.237167,142.6977844,261.0130005
Alebtong,11/1/2015,710,178,0.957746479,680,1129,766,10,0.250704225,14.03943662,192,11,2.260724,33.237167,261.0130005,192.073761
Alebtong,12/1/2015,535,99,0.936448598,501,1309,593,11,0.185046729,10.73271028,110,12,2.260724,33.237167,192.073761,67.44785309
Alebtong,1/1/2016,587,150,0.94548552,555,959,618,12,0.255536627,7.921635434,158,1,2.260724,33.237167,67.44785309,15.76901913
Alebtong,2/1/2016,382,57,0.931937173,356,791,443,13,0.14921466,9.102094241,66,2,2.260724,33.237167,15.76901913,9.266927719
Alebtong,3/1/2016,370,51,0.497297297,184,1005,434,14,0.137837838,8.821621622,60,3,2.260724,33.237167,9.266927719,44.75905609
Alebtong,4/1/2016,310,31,0.796774194,247,998,490,15,0.1,18,49,4,2.260724,33.237167,44.75905609,273.359314
Alebtong,5/1/2016,890,239,0.871910112,776,886,1071,16,0.268539326,48.60561798,288,5,2.260724,33.237167,273.359314,148.2330475
Alebtong,6/1/2016,1441,957,0.959056211,1382,876,1671,17,0.664122137,152.7480916,1110,6,2.260724,33.237167,148.2330475,117.8496094
Alebtong,7/1/2016,1042,401,0.142034549,148,1041,1462,18,0.384836852,161.6314779,563,7,2.260724,33.237167,117.8496094,181.1830292
Alebtong,8/1/2016,1323,687,0.631897203,836,624,1531,19,0.519274376,108.0090703,795,8,2.260724,33.237167,181.1830292,151.4015503
Alebtong,9/1/2016,982,509,0.227087576,223,835,1088,20,0.518329939,54.94297352,564,9,2.260724,33.237167,151.4015503,131.1860657
Alebtong,10/1/2016,840,533,0.51547619,433,887,1018,21,0.63452381,112.9452381,646,10,2.260724,33.237167,131.1860657,182.6220093
Alebtong,11/1/2016,817,631,0.979192166,800,1059,980,22,0.772337821,125.8910649,757,11,2.260724,33.237167,182.6220093,61.22425079
Alebtong,12/1/2016,304,147,0.980263158,298,938,611,23,0.483552632,148.4506579,295,12,2.260724,33.237167,61.22425079,8.430599213
Alebtong,1/1/2017,427,151,0.964871194,412,595,491,24,0.353629977,22.6323185,174,1,2.260724,33.237167,8.430599213,9.995258331
Alebtong,2/1/2017,419,96,0.909307876,381,548,482,25,0.229116945,14.43436754,110,2,2.260724,33.237167,9.995258331,107.1382523
Alebtong,3/1/2017,825,260,0.976969697,806,968,874,26,0.315151515,15.44242424,275,3,2.260724,33.237167,107.1382523,85.39969635
Alebtong,4/1/2017,947,533,0.966209081,915,476,969,27,0.562829989,12.38225977,545,4,2.260724,33.237167,85.39969635,140.3555756
Alebtong,5/1/2017,1379,895,0.969543147,1337,948,1426,28,0.64902103,30.5039884,926,5,2.260724,33.237167,140.3555756,135.3666077
Alebtong,6/1/2017,1078,512,0.961966605,1037,513,1111,29,0.474953618,15.67346939,528,6,2.260724,33.237167,135.3666077,170.7972412
Alebtong,7/1/2017,1123,392,0.953695459,1071,632,1150,30,0.349065004,9.42475512,401,7,2.260724,33.237167,170.7972412,299.7729492
Alebtong,8/1/2017,859,161,0.97322468,836,476,900,31,0.187427241,7.68451688,169,8,2.260724,33.237167,299.7729492,172.0612488
Alebtong,9/1/2017,748,104,0.961229947,719,685,792,32,0.139037433,6.117647059,110,9,2.260724,33.237167,172.0612488,201.2767487
Alebtong,10/1/2017,903,155,0.980066445,885,975,967,33,0.171650055,10.98560354,166,10,2.260724,33.237167,201.2767487,108.1096115
Alebtong,11/1/2017,796,135,0.976130653,777,1037,860,34,0.16959799,10.85427136,146,11,2.260724,33.237167,108.1096115,82.81197357
Alebtong,12/1/2017,464,91,0.976293103,453,706,531,35,0.19612069,13.14008621,104,12,2.260724,33.237167,82.81197357,4.761442661
Alebtong,1/1/2018,462,53,0.963203463,445,811,496,36,0.114718615,3.9004329,57,1,2.260724,33.237167,4.761442661,3.28594017
Alebtong,2/1/2018,284,43,0.98943662,281,700,307,37,0.151408451,3.482394366,46,2,2.260724,33.237167,3.28594017,30.98173904
Alebtong,3/1/2018,439,70,0.972665148,427,853,489,38,0.159453303,7.972665148,78,3,2.260724,33.237167,30.98173904,159.0534363
Alebtong,4/1/2018,457,54,0.962800875,440,523,471,39,0.118161926,1.654266958,56,4,2.260724,33.237167,159.0534363,228.9404297
Alebtong,5/1/2018,474,45,0.974683544,462,1093,513,40,0.094936709,3.702531646,49,5,2.260724,33.237167,228.9404297,255.0666199
Alebtong,6/1/2018,527,54,0.916508539,483,780,540,41,0.102466793,1.332068311,55,6,2.260724,33.237167,255.0666199,210.9757996
Alebtong,7/1/2018,412,61,0.946601942,390,1240,459,42,0.148058252,6.958737864,68,7,2.260724,33.237167,210.9757996,143.6553192
Alebtong,8/1/2018,371,45,0.95148248,353,651,388,43,0.121293801,2.061994609,47,8,2.260724,33.237167,143.6553192,215.9039001
Alebtong,9/1/2018,402,57,0.97761194,393,912,437,44,0.141791045,4.962686567,62,9,2.260724,33.237167,215.9039001,83.46546173
Alebtong,10/1/2018,582,60,0.939862543,547,818,590,45,0.103092784,0.824742268,61,10,2.260724,33.237167,83.46546173,130.4390106
Alebtong,11/1/2018,545,43,0.985321101,537,899,545,46,0.078899083,0,43,11,2.260724,33.237167,130.4390106,70.35585022
Alebtong,12/1/2018,158,21,0.993670886,157,664,158,47,0.132911392,0,21,12,2.260724,33.237167,70.35585022,65.45761108
Alebtong,1/1/2019,424,37,0.995283019,422,962,424,48,0.087264151,0,37,1,2.260724,33.237167,65.45761108,5.229174614
Alebtong,2/1/2019,518,32,0.99034749,513,583,518,49,0.061776062,0,32,2,2.260724,33.237167,5.229174614,26.58215141
Alebtong,3/1/2019,350,22,0.985714286,345,1020,350,50,0.062857143,0,22,3,2.260724,33.237167,26.58215141,46.39751816
Alebtong,4/1/2019,355,31,0.991549296,352,888,355,51,0.087323944,0,31,4,2.260724,33.237167,46.39751816,140.2108459
Alebtong,5/1/2019,297,47,0.996632997,296,998,297,52,0.158249158,0,47,5,2.260724,33.237167,140.2108459,185.303894
Alebtong,6/1/2019,687,196,0.981077147,674,948,687,53,0.285298399,0,196,6,2.260724,33.237167,185.303894,221.2671814
Alebtong,7/1/2019,523,124,0.980879541,513,1439,524,54,0.23709369,0.23709369,124,7,2.260724,33.237167,221.2671814,207.455368
Alebtong,8/1/2019,512,130,0.955078125,489,929,512,55,0.25390625,0,130,8,2.260724,33.237167,207.455368,187.6287994
Alebtong,9/1/2019,547,102,0.961608775,526,1156,547,56,0.186471664,0,102,9,2.260724,33.237167,187.6287994,171.5690308
Alebtong,10/1/2019,440,82,0.915909091,403,1185,440,57,0.186363636,0,82,10,2.260724,33.237167,171.5690308,227.68927
Alebtong,11/1/2019,527,116,0.924098672,487,837,527,58,0.220113852,0,116,11,2.260724,33.237167,227.68927,113.3662643
Alebtong,12/1/2019,517,113,0.897485493,464,1221,517,59,0.218568665,0,113,12,2.260724,33.237167,113.3662643,174.4472504
Alebtong,1/1/2020,512,127,0.962890625,493,665,512,60,0.248046875,0,127,1,2.260724,33.237167,174.4472504,22.45885468
Alebtong,2/1/2020,601,148,0.963394343,579,965,601,61,0.24625624,0,148,2,2.260724,33.237167,22.45885468,35.20835876
Alebtong,3/1/2020,706,125,0.964589235,681,941,706,62,0.177053824,0,125,3,2.260724,33.237167,35.20835876,200.6305084
Alebtong,4/1/2020,631,100,0.952456418,601,1102,631,63,0.158478605,0,100,4,2.260724,33.237167,200.6305084,159.4082336
Alebtong,5/1/2020,524,100,0.866412214,454,797,524,64,0.190839695,0,100,5,2.260724,33.237167,159.4082336,152.230545
Alebtong,6/1/2020,657,156,0.837138508,550,895,657,65,0.237442922,0,156,6,2.260724,33.237167,152.230545,166.0093384
Alebtong,7/1/2020,890,248,0.788764045,702,1011,890,66,0.278651685,0,248,7,2.260724,33.237167,166.0093384,192.485611
Alebtong,8/1/2020,716,215,0.729050279,522,785,716,67,0.30027933,0,215,8,2.260724,33.237167,192.485611,244.8742523
Alebtong,9/1/2020,635,228,0.718110236,456,649,635,68,0.359055118,0,228,9,2.260724,33.237167,244.8742523,188.1461792
Alebtong,10/1/2020,659,143,0.743550835,490,785,659,69,0.216995448,0,143,10,2.260724,33.237167,188.1461792,208.0148315
Alebtong,11/1/2020,730,308,0.908219178,663,876,730,70,0.421917808,0,308,11,2.260724,33.237167,208.0148315,125.2269745
Alebtong,12/1/2020,1616,899,0.972772277,1572,679,1616,71,0.556311881,0,899,12,2.260724,33.237167,125.2269745,16.35493469
Alebtong,1/1/2021,697,296,0.982783357,685,600,697,72,0.424677188,0,296,1,2.260724,33.237167,16.35493469,30.3318882
Alebtong,2/1/2021,883,305,0.734994337,649,1066,883,73,0.345413364,0,305,2,2.260724,33.237167,30.3318882,24.93441963
Alebtong,3/1/2021,860,365,0.752325581,647,1116,860,74,0.424418605,0,365,3,2.260724,33.237167,24.93441963,48.85237885
Alebtong,4/1/2021,894,478,0.987695749,883,719,894,75,0.534675615,0,478,4,2.260724,33.237167,48.85237885,172.0715942
Alebtong,5/1/2021,1992,1320,0.986445783,1965,716,1992,76,0.662650602,0,1320,5,2.260724,33.237167,172.0715942,191.4024963
Alebtong,6/1/2021,1664,1018,0.230168269,383,785,1664,77,0.611778846,0,1018,6,2.260724,33.237167,191.4024963,78.38335419
Alebtong,7/1/2021,2079,1432,0.850889851,1769,861,2079,78,0.688792689,0,1432,7,2.260724,33.237167,78.38335419,138.3848267
Alebtong,8/1/2021,1828,1201,0.998358862,1825,928,1828,79,0.657002188,0,1201,8,2.260724,33.237167,138.3848267,153.0900269
Alebtong,9/1/2021,1552,1064,1,1552,539,1552,80,0.68556701,0,1064,9,2.260724,33.237167,153.0900269,159.3633728
Alebtong,10/1/2021,1504,1006,0.99268617,1493,578,1504,81,0.668882979,0,1006,10,2.260724,33.237167,159.3633728,110.7279358
Amolatar,2/1/2014,369,257,0.674796748,249,1064,493,0,0.696476965,86.36314363,343,2,1.638095,32.843612,13.01601601,21.25775337
Amolatar,3/1/2014,355,155,0.887323944,315,975,464,0,0.436619718,47.5915493,203,3,1.638095,32.843612,21.25775337,86.90611267
Amolatar,4/1/2014,373,122,0.654155496,244,902,509,0,0.327077748,44.48257373,166,4,1.638095,32.843612,86.90611267,128.8942413
Amolatar,5/1/2014,544,254,0.832720588,453,839,760,0,0.466911765,100.8529412,355,5,1.638095,32.843612,128.8942413,160.1685333
Amolatar,6/1/2014,631,427,0.809825674,511,911,1064,0,0.676703645,293.0126783,720,6,1.638095,32.843612,160.1685333,145.5928802
Amolatar,7/1/2014,658,482,0.957446809,630,966,674,0,0.732522796,11.72036474,494,7,1.638095,32.843612,145.5928802,81.18630981
Amolatar,8/1/2014,549,393,0.932604736,512,973,659,0,0.715846995,78.7431694,472,8,1.638095,32.843612,81.18630981,123.3709564
Amolatar,9/1/2014,369,212,0.983739837,363,956,546,0,0.574525745,101.6910569,314,9,1.638095,32.843612,123.3709564,141.0082855
Amolatar,10/1/2014,771,405,0.989623865,763,1075,1010,0,0.525291829,125.5447471,531,10,1.638095,32.843612,141.0082855,185.6697388
Amolatar,11/1/2014,780,414,0.998717949,779,894,1045,0,0.530769231,140.6538462,555,11,1.638095,32.843612,185.6697388,76.54000854
Amolatar,12/1/2014,655,366,0.996946565,653,812,804,0,0.558778626,83.25801527,449,12,1.638095,32.843612,76.54000854,18.39621353
Amolatar,1/1/2015,458,214,0.984716157,451,638,519,0,0.467248908,28.50218341,243,1,1.638095,32.843612,18.39621353,7.632330418
Amolatar,2/1/2015,751,224,0.99334221,746,798,837,1,0.298268975,25.65113182,250,2,1.638095,32.843612,7.632330418,24.322052
Amolatar,3/1/2015,610,137,1,610,810,668,2,0.224590164,13.02622951,150,3,1.638095,32.843612,24.322052,64.96424103
Amolatar,4/1/2015,519,66,0.963391137,500,862,569,3,0.12716763,6.358381503,72,4,1.638095,32.843612,64.96424103,174.9168701
Amolatar,5/1/2015,538,91,0.695167286,374,970,621,4,0.169144981,14.03903346,105,5,1.638095,32.843612,174.9168701,130.8500366
Amolatar,6/1/2015,654,307,0.709480122,464,1423,916,5,0.46941896,122.9877676,430,6,1.638095,32.843612,130.8500366,153.8104858
Amolatar,7/1/2015,670,273,0.982089552,658,1445,673,6,0.407462687,1.22238806,274,7,1.638095,32.843612,153.8104858,73.14613342
Amolatar,8/1/2015,494,104,1,494,1646,495,7,0.210526316,0.210526316,104,8,1.638095,32.843612,73.14613342,84.7684021
Amolatar,9/1/2015,483,84,0.97515528,471,1346,518,8,0.173913043,6.086956522,90,9,1.638095,32.843612,84.7684021,111.9888916
Amolatar,10/1/2015,378,46,0.989417989,374,1358,507,9,0.121693122,15.6984127,62,10,1.638095,32.843612,111.9888916,224.8457336
Amolatar,11/1/2015,497,70,0.965794769,480,1480,680,10,0.14084507,25.77464789,96,11,1.638095,32.843612,224.8457336,151.2251434
Amolatar,12/1/2015,627,74,0.985645933,618,1272,675,11,0.118022329,5.66507177,80,12,1.638095,32.843612,151.2251434,78.75366974
Amolatar,1/1/2016,552,71,0.94384058,521,1006,555,12,0.128623188,0.385869565,71,1,1.638095,32.843612,78.75366974,23.94293213
Amolatar,2/1/2016,374,59,0.885026738,331,1123,376,13,0.157754011,0.315508021,59,2,1.638095,32.843612,23.94293213,15.41808891
Amolatar,3/1/2016,374,59,0.970588235,363,954,374,14,0.157754011,0,59,3,1.638095,32.843612,15.41808891,52.97383881
Amolatar,4/1/2016,403,49,0.975186104,393,1236,406,15,0.121588089,0.364764268,49,4,1.638095,32.843612,52.97383881,215.7190094
Amolatar,5/1/2016,525,140,0.946666667,497,1072,535,16,0.266666667,2.666666667,143,5,1.638095,32.843612,215.7190094,118.2875748
Amolatar,6/1/2016,723,301,0.958506224,693,1118,727,17,0.416320885,1.665283541,303,6,1.638095,32.843612,118.2875748,81.73683167
Amolatar,7/1/2016,526,261,0.456273764,240,844,527,18,0.496197719,0.496197719,261,7,1.638095,32.843612,81.73683167,75.20976257
Amolatar,8/1/2016,621,223,0.209339775,130,1192,626,19,0.359098229,1.795491143,225,8,1.638095,32.843612,75.20976257,91.82149506
Amolatar,9/1/2016,193,83,0.580310881,112,473,309,20,0.430051813,49.88601036,133,9,1.638095,32.843612,91.82149506,149.092514
Amolatar,10/1/2016,409,177,0.968215159,396,833,653,21,0.432762836,105.594132,283,10,1.638095,32.843612,149.092514,118.0348511
Amolatar,11/1/2016,2,1,1,2,1082,739,22,0.5,368.5,370,11,1.638095,32.843612,118.0348511,70.56998444
Amolatar,12/1/2016,1,0,1,1,854,450,23,0,0,0,12,1.638095,32.843612,70.56998444,14.90225887
Amolatar,1/1/2017,67,42,1,67,628,273,24,0.626865672,129.1343284,171,1,1.638095,32.843612,14.90225887,16.39580727
Amolatar,2/1/2017,163,99,0.993865031,162,1254,272,25,0.607361963,66.20245399,165,2,1.638095,32.843612,16.39580727,80.0553894
Amolatar,3/1/2017,228,84,0.99122807,226,877,372,26,0.368421053,53.05263158,137,3,1.638095,32.843612,80.0553894,62.35195923
Amolatar,4/1/2017,341,119,0.967741935,330,1011,349,27,0.348973607,2.791788856,122,4,1.638095,32.843612,62.35195923,133.9092712
Amolatar,5/1/2017,571,303,0.996497373,569,833,576,28,0.530647986,2.65323993,306,5,1.638095,32.843612,133.9092712,108.7894135
Amolatar,6/1/2017,563,185,0.989342806,557,1112,587,29,0.328596803,7.886323268,193,6,1.638095,32.843612,108.7894135,80.35701752
Amolatar,7/1/2017,456,61,0.975877193,445,1027,459,30,0.13377193,0.401315789,61,7,1.638095,32.843612,80.35701752,124.3315277
Amolatar,8/1/2017,437,31,0.885583524,387,1116,439,31,0.070938215,0.14187643,31,8,1.638095,32.843612,124.3315277,100.2345886
Amolatar,9/1/2017,267,25,0.95505618,255,861,269,32,0.093632959,0.187265918,25,9,1.638095,32.843612,100.2345886,176.289917
Amolatar,10/1/2017,365,35,0.939726027,343,1056,380,33,0.095890411,1.438356164,36,10,1.638095,32.843612,176.289917,89.53069305
Amolatar,11/1/2017,225,20,0.795555556,179,997,230,34,0.088888889,0.444444444,20,11,1.638095,32.843612,89.53069305,89.2137146
Amolatar,12/1/2017,208,10,0.923076923,192,728,209,35,0.048076923,0.048076923,10,12,1.638095,32.843612,89.2137146,5.034536839
Amolatar,1/1/2018,267,10,0.973782772,260,755,267,36,0.037453184,0,10,1,1.638095,32.843612,5.034536839,8.603382111
Amolatar,2/1/2018,266,12,0.984962406,262,998,266,37,0.045112782,0,12,2,1.638095,32.843612,8.603382111,35.01062012
Amolatar,3/1/2018,264,13,0.931818182,246,1053,264,38,0.049242424,0,13,3,1.638095,32.843612,35.01062012,138.6634674
Amolatar,4/1/2018,395,12,0.972151899,384,957,395,39,0.030379747,0,12,4,1.638095,32.843612,138.6634674,193.3436737
Amolatar,5/1/2018,391,9,0.920716113,360,1173,392,40,0.023017903,0.023017903,9,5,1.638095,32.843612,193.3436737,182.3913879
Amolatar,6/1/2018,309,22,0.928802589,287,1132,309,41,0.071197411,0,22,6,1.638095,32.843612,182.3913879,121.3943176
Amolatar,7/1/2018,236,9,0.834745763,197,997,236,42,0.038135593,0,9,7,1.638095,32.843612,121.3943176,41.51896667
Amolatar,8/1/2018,276,8,0.829710145,229,1109,276,43,0.028985507,0,8,8,1.638095,32.843612,41.51896667,125.6500931
Amolatar,9/1/2018,200,14,0.835,167,900,200,44,0.07,0,14,9,1.638095,32.843612,125.6500931,83.57733917
Amolatar,10/1/2018,256,12,0.91015625,233,1290,256,45,0.046875,0,12,10,1.638095,32.843612,83.57733917,94.2359848
Amolatar,11/1/2018,79,7,0.924050633,73,1207,81,46,0.088607595,0.17721519,7,11,1.638095,32.843612,94.2359848,49.42616653
Amolatar,12/1/2018,162,19,0.938271605,152,947,163,47,0.117283951,0.117283951,19,12,1.638095,32.843612,49.42616653,83.94989014
Amolatar,1/1/2019,242,22,0.855371901,207,1243,242,48,0.090909091,0,22,1,1.638095,32.843612,83.94989014,9.845500946
Amolatar,2/1/2019,290,25,0.962068966,279,1107,290,49,0.086206897,0,25,2,1.638095,32.843612,9.845500946,35.58434677
Amolatar,3/1/2019,274,34,0.959854015,263,1097,274,50,0.124087591,0,34,3,1.638095,32.843612,35.58434677,51.77470398
Amolatar,4/1/2019,276,31,0.974637681,269,1310,276,51,0.112318841,0,31,4,1.638095,32.843612,51.77470398,122.7447815
Amolatar,5/1/2019,345,50,0.973913043,336,1145,345,52,0.144927536,0,50,5,1.638095,32.843612,122.7447815,178.508606
Amolatar,6/1/2019,470,126,0.94893617,446,1438,470,53,0.268085106,0,126,6,1.638095,32.843612,178.508606,150.2050018
Amolatar,7/1/2019,374,84,0.320855615,120,1545,374,54,0.22459893,0,84,7,1.638095,32.843612,150.2050018,96.38744354
Amolatar,8/1/2019,308,65,0.707792208,218,1436,308,55,0.211038961,0,65,8,1.638095,32.843612,96.38744354,122.1375427
Amolatar,9/1/2019,398,69,0.942211055,375,1492,398,56,0.173366834,0,69,9,1.638095,32.843612,122.1375427,141.533844
Amolatar,10/1/2019,354,74,0.97740113,346,1649,354,57,0.209039548,0,74,10,1.638095,32.843612,141.533844,223.8743286
Amolatar,11/1/2019,297,73,0.939393939,279,1313,297,58,0.245791246,0,73,11,1.638095,32.843612,223.8743286,113.1604004
Amolatar,12/1/2019,305,108,0.954098361,291,900,305,59,0.354098361,0,108,12,1.638095,32.843612,113.1604004,188.5066071
Amolatar,1/1/2020,458,189,0.954148472,437,1253,460,60,0.412663755,0.825327511,190,1,1.638095,32.843612,188.5066071,25.70368195
Amolatar,2/1/2020,418,196,0.992822967,415,1103,422,61,0.468899522,1.875598086,198,2,1.638095,32.843612,25.70368195,29.013237
Amolatar,3/1/2020,494,189,0.971659919,480,1454,495,62,0.382591093,0.382591093,189,3,1.638095,32.843612,29.013237,133.3104095
Amolatar,4/1/2020,275,97,0.978181818,269,594,276,63,0.352727273,0.352727273,97,4,1.638095,32.843612,133.3104095,145.3233185
Amolatar,5/1/2020,530,195,0.783018868,415,1437,530,64,0.367924528,0,195,5,1.638095,32.843612,145.3233185,116.6893997
Amolatar,6/1/2020,446,181,0.434977578,194,976,447,65,0.405829596,0.405829596,181,6,1.638095,32.843612,116.6893997,83.21684265
Amolatar,7/1/2020,386,111,0.29015544,112,1013,388,66,0.287564767,0.575129534,112,7,1.638095,32.843612,83.21684265,118.9998856
Amolatar,8/1/2020,465,184,0.608602151,283,1186,465,67,0.395698925,0,184,8,1.638095,32.843612,118.9998856,128.897049
Amolatar,9/1/2020,508,219,0.960629921,488,859,508,68,0.431102362,0,219,9,1.638095,32.843612,128.897049,176.8207397
Amolatar,10/1/2020,616,357,0.980519481,604,1127,616,69,0.579545455,0,357,10,1.638095,32.843612,176.8207397,114.8048553
Amolatar,11/1/2020,811,420,0.961775586,780,836,811,70,0.517879162,0,420,11,1.638095,32.843612,114.8048553,144.3701782
Amolatar,12/1/2020,942,627,0.765392781,721,797,942,71,0.665605096,0,627,12,1.638095,32.843612,144.3701782,29.25910568
Amolatar,1/1/2021,624,361,0.344551282,215,748,624,72,0.578525641,0,361,1,1.638095,32.843612,29.25910568,27.41501999
Amolatar,2/1/2021,942,612,0.73566879,693,923,949,73,0.649681529,4.547770701,617,2,1.638095,32.843612,27.41501999,28.69539261
Amolatar,3/1/2021,750,538,0.88,660,969,762,74,0.717333333,8.608,547,3,1.638095,32.843612,28.69539261,41.86635208
Amolatar,4/1/2021,759,492,0.980237154,744,1167,759,75,0.648221344,0,492,4,1.638095,32.843612,41.86635208,128.4415588
Amolatar,5/1/2021,673,416,0.980683507,660,832,675,76,0.618127786,1.236255572,417,5,1.638095,32.843612,128.4415588,112.4922943
Amolatar,6/1/2021,704,358,0.967329545,681,1134,704,77,0.508522727,0,358,6,1.638095,32.843612,112.4922943,70.29851532
Amolatar,7/1/2021,563,295,0.982238011,553,1042,563,78,0.523978686,0,295,7,1.638095,32.843612,70.29851532,53.35752106
Amolatar,8/1/2021,688,332,0.965116279,664,981,688,79,0.48255814,0,332,8,1.638095,32.843612,53.35752106,104.8380585
Amolatar,9/1/2021,745,392,0.971812081,724,863,745,80,0.526174497,0,392,9,1.638095,32.843612,104.8380585,145.1824036
Amolatar,10/1/2021,841,402,0.976218787,821,1260,842,81,0.478002378,0.478002378,402,10,1.638095,32.843612,145.1824036,87.28885651
Apwori,1/1/2020,1147,885,1,1147,142,1148,NA,0.77157803,0.77157803,886,1,1.84635,32.70141,200.9028168,21.35273933
Apwori,2/1/2020,1080,749,1,1080,68,1080,NA,0.693518519,0,749,2,1.84635,32.70141,21.35273933,33.82394028
Apwori,3/1/2020,1562,1095,0.999359795,1561,134,1562,NA,0.701024328,0,1095,3,1.84635,32.70141,33.82394028,150.2418518
Apwori,4/1/2020,1501,1059,1,1501,68,1502,NA,0.705529647,0.705529647,1060,4,1.84635,32.70141,150.2418518,149.3729706
Apwori,5/1/2020,1158,743,0.816925734,946,115,1158,NA,0.641623489,0,743,5,1.84635,32.70141,149.3729706,112.599556
Apwori,6/1/2020,540,338,0.524074074,283,59,540,NA,0.625925926,0,338,6,1.84635,32.70141,112.599556,93.88518524
Apwori,7/1/2020,1596,1068,1,1596,82,1596,NA,0.669172932,0,1068,7,1.84635,32.70141,93.88518524,91.94867706
Apwori,8/1/2020,1204,671,0.803156146,967,50,1204,NA,0.55730897,0,671,8,1.84635,32.70141,91.94867706,147.8266754
Apwori,9/1/2020,888,492,0.636261261,565,88,888,NA,0.554054054,0,492,9,1.84635,32.70141,147.8266754,206.5133514
Apwori,10/1/2020,1096,664,0.958941606,1051,84,1096,NA,0.605839416,0,664,10,1.84635,32.70141,206.5133514,113.7306213
Apwori,11/1/2020,923,603,0.44312026,409,61,923,NA,0.653304442,0,603,11,1.84635,32.70141,113.7306213,141.6064301
Apwori,12/1/2020,1086,797,0.997237569,1083,25,1086,NA,0.73388582,0,797,12,1.84635,32.70141,141.6064301,23.64496994
Apwori,1/1/2021,521,316,0.915547025,477,84,521,NA,0.606525912,0,316,1,1.84635,32.70141,23.64496994,27.50505447
Apwori,2/1/2021,601,258,1,601,191,601,NA,0.429284526,0,258,2,1.84635,32.70141,27.50505447,28.64756393
Apwori,3/1/2021,1067,352,1,1067,148,1067,NA,0.329896907,0,352,3,1.84635,32.70141,28.64756393,43.54579163
Apwori,4/1/2021,775,310,1,775,103,775,NA,0.4,0,310,4,1.84635,32.70141,43.54579163,122.6058807
Apwori,5/1/2021,928,299,1,928,64,928,NA,0.322198276,0,299,5,1.84635,32.70141,122.6058807,118.2103958
Apwori,6/1/2021,1385,350,1,1385,135,1385,NA,0.252707581,0,350,6,1.84635,32.70141,118.2103958,80.38535309
Apwori,7/1/2021,644,176,1,644,197,644,NA,0.273291925,0,176,7,1.84635,32.70141,80.38535309,45.16962814
Apwori,8/1/2021,884,264,1,884,160,884,NA,0.298642534,0,264,8,1.84635,32.70141,45.16962814,114.8600235
Apwori,9/1/2021,738,256,1,738,177,738,NA,0.346883469,0,256,9,1.84635,32.70141,114.8600235,167.5529327
Apwori,10/1/2021,515,245,1,515,189,515,NA,0.475728155,0,245,10,1.84635,32.70141,167.5529327,104.2507553
Asamuk,1/1/2020,1574,893,0.99047014,1559,382,1576,NA,0.567344346,1.134688691,894,1,1.97636,33.70179,182.5291748,27.60380745
Asamuk,2/1/2020,1483,989,0.992582603,1472,196,1484,NA,0.666891436,0.666891436,990,2,1.97636,33.70179,27.60380745,21.21707916
Asamuk,3/1/2020,1667,977,0.99340132,1656,304,1670,NA,0.586082783,1.75824835,979,3,1.97636,33.70179,21.21707916,268.1009521
Asamuk,4/1/2020,1532,1007,0.997389034,1528,131,1533,NA,0.657310705,0.657310705,1008,4,1.97636,33.70179,268.1009521,167.6274719
Asamuk,5/1/2020,1190,805,0.999159664,1189,40,1190,NA,0.676470588,0,805,5,1.97636,33.70179,167.6274719,170.1615295
Asamuk,6/1/2020,1408,984,0.887784091,1250,392,1409,NA,0.698863636,0.698863636,985,6,1.97636,33.70179,170.1615295,136.4636536
Asamuk,7/1/2020,1217,807,0.905505341,1102,245,1221,NA,0.663105998,2.652423993,810,7,1.97636,33.70179,136.4636536,184.0805359
Asamuk,8/1/2020,1741,1106,0.958070075,1668,231,1747,NA,0.635267088,3.811602527,1110,8,1.97636,33.70179,184.0805359,267.3514709
Asamuk,9/1/2020,1478,878,0.99729364,1474,116,1480,NA,0.594046008,1.188092016,879,9,1.97636,33.70179,267.3514709,181.734848
Asamuk,10/1/2020,1751,888,0.999428898,1750,76,1751,NA,0.507138778,0,888,10,1.97636,33.70179,181.734848,185.6680603
Asamuk,11/1/2020,1781,906,0.99270073,1768,137,1781,NA,0.508702976,0,906,11,1.97636,33.70179,185.6680603,131.8214111
Asamuk,12/1/2020,1223,488,0.995094031,1217,189,1223,NA,0.399018806,0,488,12,1.97636,33.70179,131.8214111,16.31713486
Asamuk,1/1/2021,965,307,0.996891192,962,200,965,NA,0.318134715,0,307,1,1.97636,33.70179,16.31713486,43.64741898
Asamuk,2/1/2021,1147,294,1,1147,225,1147,NA,0.256320837,0,294,2,1.97636,33.70179,43.64741898,25.14684677
Asamuk,3/1/2021,1140,223,0.996491228,1136,354,1140,NA,0.195614035,0,223,3,1.97636,33.70179,25.14684677,47.28681183
Asamuk,4/1/2021,1222,215,0.995090016,1216,245,1222,NA,0.17594108,0,215,4,1.97636,33.70179,47.28681183,190.3816833
Asamuk,5/1/2021,2140,767,0.998130841,2136,130,2140,NA,0.358411215,0,767,5,1.97636,33.70179,190.3816833,177.6286316
Asamuk,6/1/2021,2404,1006,0.998336106,2400,127,2404,NA,0.418469218,0,1006,6,1.97636,33.70179,177.6286316,62.01351166
Asamuk,7/1/2021,2111,992,0.995262909,2101,95,2111,NA,0.469919469,0,992,7,1.97636,33.70179,62.01351166,94.85578918
Asamuk,8/1/2021,1875,946,0.994133333,1864,274,1875,NA,0.504533333,0,946,8,1.97636,33.70179,94.85578918,119.8865204
Asamuk,9/1/2021,1586,897,0.998108449,1583,240,1586,NA,0.56557377,0,897,9,1.97636,33.70179,119.8865204,150.9882507
Asamuk,10/1/2021,1078,678,0.781076067,842,672,1078,NA,0.628942486,0,678,10,1.97636,33.70179,150.9882507,99.99806213
Bbaale,1/1/2020,1464,869,0.843579235,1235,863,1480,NA,0.593579235,9.49726776,878,1,1.105378,32.885721,205.4749603,51.22714996
Bbaale,2/1/2020,1017,534,0.903638151,919,552,1024,NA,0.525073746,3.675516224,538,2,1.105378,32.885721,51.22714996,38.86362839
Bbaale,3/1/2020,1106,487,0.726039783,803,763,1130,NA,0.440325497,10.56781193,498,3,1.105378,32.885721,38.86362839,195.506897
Bbaale,4/1/2020,846,362,0.729314421,617,492,857,NA,0.427895981,4.706855792,367,4,1.105378,32.885721,195.506897,203.4715881
Bbaale,5/1/2020,1262,625,0.740095087,934,773,1266,NA,0.495245642,1.980982567,627,5,1.105378,32.885721,203.4715881,103.3330078
Bbaale,6/1/2020,1459,826,0.641535298,936,1112,1472,NA,0.566141193,7.359835504,833,6,1.105378,32.885721,103.3330078,82.62158203
Bbaale,7/1/2020,1393,747,0.753768844,1050,1019,1403,NA,0.536252692,5.36252692,752,7,1.105378,32.885721,82.62158203,102.5427704
Bbaale,8/1/2020,1339,614,0.770724421,1032,906,1343,NA,0.458551158,1.83420463,616,8,1.105378,32.885721,102.5427704,141.9522705
Bbaale,9/1/2020,1110,490,0.869369369,965,878,1113,NA,0.441441441,1.324324324,491,9,1.105378,32.885721,141.9522705,145.6743164
Bbaale,10/1/2020,1318,512,0.78831563,1039,674,1318,NA,0.388467375,0,512,10,1.105378,32.885721,145.6743164,144.2097473
Bbaale,11/1/2020,1659,658,0.703435805,1167,972,1665,NA,0.396624473,2.379746835,660,11,1.105378,32.885721,144.2097473,308.7633972
Bbaale,12/1/2020,1618,677,0.71631644,1159,687,1620,NA,0.4184178,0.8368356,678,12,1.105378,32.885721,308.7633972,46.00528336
Bbaale,1/1/2021,1243,552,0.720836685,896,672,1247,NA,0.444086887,1.776347546,554,1,1.105378,32.885721,46.00528336,51.80509949
Bbaale,2/1/2021,1073,465,0.722273998,775,709,1080,NA,0.433364399,3.033550792,468,2,1.105378,32.885721,51.80509949,39.39445496
Bbaale,3/1/2021,926,374,0.680345572,630,824,933,NA,0.403887689,2.827213823,377,3,1.105378,32.885721,39.39445496,63.59034729
Bbaale,4/1/2021,765,179,0.793464052,607,635,767,NA,0.233986928,0.467973856,179,4,1.105378,32.885721,63.59034729,195.8093567
Bbaale,5/1/2021,1181,287,0.762066046,900,678,1183,NA,0.243014395,0.486028789,287,5,1.105378,32.885721,195.8093567,108.1015472
Bbaale,6/1/2021,925,234,0.857297297,793,676,925,NA,0.252972973,0,234,6,1.105378,32.885721,108.1015472,57.63846588
Bbaale,7/1/2021,527,111,0.764705882,403,618,529,NA,0.210626186,0.421252372,111,7,1.105378,32.885721,57.63846588,46.59215546
Bbaale,8/1/2021,472,72,0.781779661,369,659,473,NA,0.152542373,0.152542373,72,8,1.105378,32.885721,46.59215546,109.6331329
Bbaale,9/1/2021,390,92,0.835897436,326,734,391,NA,0.235897436,0.235897436,92,9,1.105378,32.885721,109.6331329,124.3762283
Bbaale,10/1/2021,652,136,0.748466258,488,876,657,NA,0.208588957,1.042944785,137,10,1.105378,32.885721,124.3762283,91.32666016
Dokolo,2/1/2014,346,232,0.780346821,270,689,700,0,0.670520231,237.3641618,469,2,1.917083,33.174378,11.92712593,25.86585236
Dokolo,3/1/2014,473,324,0.864693446,409,1234,796,0,0.684989429,221.2515856,545,3,1.917083,33.174378,25.86585236,86.78334045
Dokolo,4/1/2014,281,189,0.971530249,273,768,578,0,0.672597865,199.7615658,389,4,1.917083,33.174378,86.78334045,157.2957306
Dokolo,5/1/2014,712,588,0.966292135,688,1185,1193,0,0.825842697,397.2303371,985,5,1.917083,33.174378,157.2957306,239.1035156
Dokolo,6/1/2014,574,515,0.881533101,506,739,1232,0,0.897212544,590.3658537,1105,6,1.917083,33.174378,239.1035156,200.6377563
Dokolo,7/1/2014,759,615,0.972332016,738,1099,1188,0,0.81027668,347.6086957,963,7,1.917083,33.174378,200.6377563,109.5021439
Dokolo,8/1/2014,644,426,0.902173913,581,762,819,0,0.661490683,115.7608696,542,8,1.917083,33.174378,109.5021439,194.8405762
Dokolo,9/1/2014,957,397,0.885057471,847,1330,1220,0,0.414838036,109.1024033,506,9,1.917083,33.174378,194.8405762,148.495163
Dokolo,10/1/2014,1265,608,0.955731225,1209,1146,1508,0,0.480632411,116.7936759,725,10,1.917083,33.174378,148.495163,219.6121216
Dokolo,11/1/2014,1312,614,0.953506098,1251,1473,1642,0,0.467987805,154.4359756,768,11,1.917083,33.174378,219.6121216,99.2988739
Dokolo,12/1/2014,882,419,0.909297052,802,1150,1051,0,0.475056689,80.2845805,499,12,1.917083,33.174378,99.2988739,32.65438461
Dokolo,1/1/2015,670,284,0.952238806,638,1141,927,0,0.423880597,108.9373134,393,1,1.917083,33.174378,32.65438461,3.741038799
Dokolo,2/1/2015,823,211,0.891859052,734,957,922,1,0.256379101,25.38153098,236,2,1.917083,33.174378,3.741038799,26.4865799
Dokolo,3/1/2015,1060,166,0.921698113,977,1605,1191,2,0.156603774,20.51509434,187,3,1.917083,33.174378,26.4865799,77.73815918
Dokolo,4/1/2015,553,76,0.956600362,529,978,666,3,0.137432188,15.52983725,92,4,1.917083,33.174378,77.73815918,189.4317627
Dokolo,5/1/2015,1028,469,0.971789883,999,1330,1229,4,0.456225681,91.70136187,561,5,1.917083,33.174378,189.4317627,176.3805237
Dokolo,6/1/2015,1333,858,0.948987247,1265,1268,1712,5,0.643660915,243.9474869,1102,6,1.917083,33.174378,176.3805237,185.3759003
Dokolo,7/1/2015,1350,619,0.98,1323,1068,1463,6,0.458518519,51.81259259,671,7,1.917083,33.174378,185.3759003,129.8644714
Dokolo,8/1/2015,996,322,0.970883534,967,803,1009,7,0.323293173,4.202811245,326,8,1.917083,33.174378,129.8644714,142.9617157
Dokolo,9/1/2015,1115,254,0.994618834,1109,1224,1131,8,0.227802691,3.644843049,258,9,1.917083,33.174378,142.9617157,178.6759949
Dokolo,10/1/2015,971,130,0.989701339,961,834,995,9,0.133882595,3.213182286,133,10,1.917083,33.174378,178.6759949,298.5687866
Dokolo,11/1/2015,1369,149,0.975894814,1336,1072,1397,10,0.108838568,3.047479912,152,11,1.917083,33.174378,298.5687866,202.7311554
Dokolo,12/1/2015,730,128,0.960273973,701,1278,742,11,0.175342466,2.104109589,130,12,1.917083,33.174378,202.7311554,85.5549469
Dokolo,1/1/2016,878,182,0.968109339,850,1536,895,12,0.207289294,3.523917995,186,1,1.917083,33.174378,85.5549469,17.04337311
Dokolo,2/1/2016,547,128,0.965265082,528,798,559,13,0.234003656,2.808043876,131,2,1.917083,33.174378,17.04337311,13.4397831
Dokolo,3/1/2016,514,82,0.982490272,505,1043,528,14,0.159533074,2.233463035,84,3,1.917083,33.174378,13.4397831,41.89188385
Dokolo,4/1/2016,539,82,0.975881262,526,996,544,15,0.152133581,0.760667904,83,4,1.917083,33.174378,41.89188385,242.5182343
Dokolo,5/1/2016,841,258,0.973840666,819,1394,852,16,0.306777646,3.374554102,261,5,1.917083,33.174378,242.5182343,156.8762665
Dokolo,6/1/2016,500,129,0.932,466,1055,505,17,0.258,1.29,130,6,1.917083,33.174378,156.8762665,110.1794128
Dokolo,7/1/2016,542,121,0.913284133,495,1213,559,18,0.223247232,3.795202952,125,7,1.917083,33.174378,110.1794128,97.16976166
Dokolo,8/1/2016,863,183,0.951332561,821,1290,874,19,0.212050985,2.332560834,185,8,1.917083,33.174378,97.16976166,132.3846741
Dokolo,9/1/2016,550,111,0.907272727,499,1374,553,20,0.201818182,0.605454545,112,9,1.917083,33.174378,132.3846741,149.1568298
Dokolo,10/1/2016,632,148,0.762658228,482,1457,643,21,0.234177215,2.575949367,151,10,1.917083,33.174378,149.1568298,181.8525848
Dokolo,11/1/2016,701,249,0.944365193,662,1888,727,22,0.355206847,9.235378031,258,11,1.917083,33.174378,181.8525848,76.688797
Dokolo,12/1/2016,412,131,0.905339806,373,1439,420,23,0.317961165,2.54368932,134,12,1.917083,33.174378,76.688797,10.5690918
Dokolo,1/1/2017,387,115,0.927648579,359,1893,405,24,0.297157623,5.348837209,120,1,1.917083,33.174378,10.5690918,12.62229729
Dokolo,2/1/2017,393,85,0.969465649,381,1295,402,25,0.216284987,1.946564885,87,2,1.917083,33.174378,12.62229729,89.08363342
Dokolo,3/1/2017,722,168,0.936288089,676,1849,731,26,0.232686981,2.094182825,170,3,1.917083,33.174378,89.08363342,73.63543701
Dokolo,4/1/2017,801,386,0.945068664,757,1261,813,27,0.481897628,5.782771536,392,4,1.917083,33.174378,73.63543701,120.935318
Dokolo,5/1/2017,1538,832,0.971391417,1494,1953,1552,28,0.540962289,7.573472042,840,5,1.917083,33.174378,120.935318,136.290741
Dokolo,6/1/2017,692,202,0.247109827,171,1320,694,29,0.291907514,0.583815029,203,6,1.917083,33.174378,136.290741,131.631958
Dokolo,7/1/2017,700,221,0.907142857,635,1713,713,30,0.315714286,4.104285714,225,7,1.917083,33.174378,131.631958,183.3371582
Dokolo,8/1/2017,1023,144,0.742913001,760,1629,1028,31,0.140762463,0.703812317,145,8,1.917083,33.174378,183.3371582,161.5677338
Dokolo,9/1/2017,841,75,0.461355529,388,1512,843,32,0.089179548,0.178359096,75,9,1.917083,33.174378,161.5677338,223.297699
Dokolo,10/1/2017,995,110,0.982914573,978,1738,1008,33,0.110552764,1.43718593,111,10,1.917083,33.174378,223.297699,114.4875946
Dokolo,11/1/2017,1201,111,0.995004163,1195,1548,1202,34,0.092422981,0.092422981,111,11,1.917083,33.174378,114.4875946,96.21289825
Dokolo,12/1/2017,559,51,0.967799642,541,1017,560,35,0.091234347,0.091234347,51,12,1.917083,33.174378,96.21289825,4.8369174
Dokolo,1/1/2018,777,48,0.957528958,744,1495,779,36,0.061776062,0.123552124,48,1,1.917083,33.174378,4.8369174,4.585859299
Dokolo,2/1/2018,559,41,0.991055456,554,732,560,37,0.073345259,0.073345259,41,2,1.917083,33.174378,4.585859299,40.41262054
Dokolo,3/1/2018,715,47,0.998601399,714,1263,715,38,0.065734266,0,47,3,1.917083,33.174378,40.41262054,162.1755371
Dokolo,4/1/2018,835,40,0.978443114,817,1156,843,39,0.047904192,0.383233533,40,4,1.917083,33.174378,162.1755371,221.923645
Dokolo,5/1/2018,943,52,0.995758218,939,1312,945,40,0.05514316,0.11028632,52,5,1.917083,33.174378,221.923645,273.3461304
Dokolo,6/1/2018,603,20,0.948590381,572,1528,612,41,0.033167496,0.298507463,20,6,1.917083,33.174378,273.3461304,173.2779388
Dokolo,7/1/2018,547,33,0.987202925,540,2118,548,42,0.060329068,0.060329068,33,7,1.917083,33.174378,173.2779388,98.09790039
Dokolo,8/1/2018,672,30,0.976190476,656,1227,672,43,0.044642857,0,30,8,1.917083,33.174378,98.09790039,185.5031433
Dokolo,9/1/2018,492,21,0.995934959,490,1397,492,44,0.042682927,0,21,9,1.917083,33.174378,185.5031433,108.2411957
Dokolo,10/1/2018,520,51,0.996153846,518,1416,524,45,0.098076923,0.392307692,51,10,1.917083,33.174378,108.2411957,134.3767395
Dokolo,11/1/2018,568,34,0.996478873,566,1857,570,46,0.059859155,0.11971831,34,11,1.917083,33.174378,134.3767395,81.19306183
Dokolo,12/1/2018,395,32,0.982278481,388,1138,397,47,0.081012658,0.162025316,32,12,1.917083,33.174378,81.19306183,78.0450592
Dokolo,1/1/2019,564,63,0.99822695,563,2047,564,48,0.111702128,0,63,1,1.917083,33.174378,78.0450592,8.770031929
Dokolo,2/1/2019,705,46,0.987234043,696,1186,708,49,0.065248227,0.195744681,46,2,1.917083,33.174378,8.770031929,34.56664658
Dokolo,3/1/2019,619,20,0.998384491,618,1390,619,50,0.032310178,0,20,3,1.917083,33.174378,34.56664658,60.50699997
Dokolo,4/1/2019,591,29,0.979695431,579,1335,592,51,0.049069374,0.049069374,29,4,1.917083,33.174378,60.50699997,144.8696899
Dokolo,5/1/2019,275,89,0.996363636,274,1618,275,52,0.323636364,0,89,5,1.917083,33.174378,144.8696899,215.5937805
Dokolo,6/1/2019,1013,177,0.964461994,977,1646,1014,53,0.174728529,0.174728529,177,6,1.917083,33.174378,215.5937805,177.7399902
Dokolo,7/1/2019,682,195,0.985337243,672,2549,689,54,0.285923754,2.001466276,197,7,1.917083,33.174378,177.7399902,121.6407318
Dokolo,8/1/2019,537,177,0.977653631,525,1705,539,55,0.329608939,0.659217877,178,8,1.917083,33.174378,121.6407318,202.6960602
Dokolo,9/1/2019,679,137,0.980854197,666,1486,680,56,0.201767305,0.201767305,137,9,1.917083,33.174378,202.6960602,190.5142517
Dokolo,10/1/2019,1042,232,0.978886756,1020,1932,1061,57,0.222648752,4.230326296,236,10,1.917083,33.174378,190.5142517,270.3363647
Dokolo,11/1/2019,912,359,0.990131579,903,1264,914,58,0.393640351,0.787280702,360,11,1.917083,33.174378,270.3363647,134.679657
Dokolo,12/1/2019,1028,551,0.978599222,1006,1392,1049,59,0.535992218,11.25583658,562,12,1.917083,33.174378,134.679657,210.6770477
Dokolo,1/1/2020,1309,742,0.983957219,1288,1484,1319,60,0.56684492,5.668449198,748,1,1.917083,33.174378,210.6770477,30.07949066
Dokolo,2/1/2020,1418,964,0.99506347,1411,1087,1422,61,0.679830748,2.71932299,967,2,1.917083,33.174378,30.07949066,35.59816742
Dokolo,3/1/2020,1257,772,0.99681782,1253,1115,1265,62,0.6141607,4.913285601,777,3,1.917083,33.174378,35.59816742,187.5455627
Dokolo,4/1/2020,1128,598,0.721631206,814,1273,1132,63,0.530141844,2.120567376,600,4,1.917083,33.174378,187.5455627,141.58078
Dokolo,5/1/2020,1346,673,0.984398217,1325,1414,1348,64,0.5,1,674,5,1.917083,33.174378,141.58078,137.4272766
Dokolo,6/1/2020,1141,544,0.991235758,1131,1394,1141,65,0.476774759,0,544,6,1.917083,33.174378,137.4272766,136.8651886
Dokolo,7/1/2020,959,382,0.990615224,950,1711,959,66,0.398331595,0,382,7,1.917083,33.174378,136.8651886,148.8270264
Dokolo,8/1/2020,871,312,0.991963261,864,1632,880,67,0.358208955,3.223880597,315,8,1.917083,33.174378,148.8270264,253.0434265
Dokolo,9/1/2020,818,316,0.988997555,809,1738,818,68,0.386308068,0,316,9,1.917083,33.174378,253.0434265,227.70961
Dokolo,10/1/2020,1045,410,0.890909091,931,1917,1045,69,0.392344498,0,410,10,1.917083,33.174378,227.70961,204.5240936
Dokolo,11/1/2020,1225,547,0.580408163,711,1747,1225,70,0.446530612,0,547,11,1.917083,33.174378,204.5240936,189.9643555
Dokolo,12/1/2020,1430,850,0.947552448,1355,1546,1430,71,0.594405594,0,850,12,1.917083,33.174378,189.9643555,24.87444496
Dokolo,1/1/2021,886,363,0.489841986,434,1503,896,72,0.409706546,4.097065463,367,1,1.917083,33.174378,24.87444496,35.56412125
Dokolo,2/1/2021,1098,447,0.989071038,1086,1869,1098,73,0.407103825,0,447,2,1.917083,33.174378,35.56412125,30.45515823
Dokolo,3/1/2021,1293,548,0.987625677,1277,1941,1294,74,0.423820572,0.423820572,548,3,1.917083,33.174378,30.45515823,45.81582642
Dokolo,4/1/2021,1284,658,0.939252336,1206,1475,1284,75,0.512461059,0,658,4,1.917083,33.174378,45.81582642,173.6761322
Dokolo,5/1/2021,1396,744,0.838108883,1170,1371,1396,76,0.532951289,0,744,5,1.917083,33.174378,173.6761322,165.5015259
Dokolo,6/1/2021,875,339,0.667428571,584,1227,875,77,0.387428571,0,339,6,1.917083,33.174378,165.5015259,67.47717285
Dokolo,7/1/2021,745,299,0.891275168,664,1271,745,78,0.401342282,0,299,7,1.917083,33.174378,67.47717285,54.29754639
Dokolo,8/1/2021,932,363,0.980686695,914,1678,932,79,0.389484979,0,363,8,1.917083,33.174378,54.29754639,147.168869
Dokolo,9/1/2021,855,328,0.995321637,851,1236,855,80,0.383625731,0,328,9,1.917083,33.174378,147.168869,201.2242432
Dokolo,10/1/2021,1082,430,0.860443623,931,1202,1102,81,0.3974122,7.948243993,438,10,1.917083,33.174378,201.2242432,114.7250366
Kapelebyong,1/1/2020,404,149,0.977722772,395,310,409,NA,0.368811881,1.844059406,151,1,2.275681011,33.77566799,110.7055588,23.48593903
Kapelebyong,2/1/2020,419,202,0.983293556,412,303,420,NA,0.482100239,0.482100239,202,2,2.275681011,33.77566799,23.48593903,27.90869713
Kapelebyong,3/1/2020,338,156,0.979289941,331,301,338,NA,0.461538462,0,156,3,2.275681011,33.77566799,27.90869713,201.9554138
Kapelebyong,4/1/2020,505,213,0.998019802,504,506,507,NA,0.421782178,0.843564356,214,4,2.275681011,33.77566799,201.9554138,172.2150879
Kapelebyong,5/1/2020,437,212,0.995423341,435,366,437,NA,0.485125858,0,212,5,2.275681011,33.77566799,172.2150879,154.9798279
Kapelebyong,6/1/2020,1171,746,0.997438087,1168,527,1171,NA,0.63706234,0,746,6,2.275681011,33.77566799,154.9798279,129.9828796
Kapelebyong,7/1/2020,1685,1201,0.995252226,1677,662,1685,NA,0.712759644,0,1201,7,2.275681011,33.77566799,129.9828796,170.616272
Kapelebyong,8/1/2020,1497,1098,0.995991984,1491,779,1498,NA,0.733466934,0.733466934,1099,8,2.275681011,33.77566799,170.616272,240.6645813
Kapelebyong,9/1/2020,1209,769,0.993382961,1201,611,1209,NA,0.636062862,0,769,9,2.275681011,33.77566799,240.6645813,153.3412628
Kapelebyong,10/1/2020,1120,620,0.995535714,1115,489,1120,NA,0.553571429,0,620,10,2.275681011,33.77566799,153.3412628,174.8543396
Kapelebyong,11/1/2020,1049,482,0.998093422,1047,665,1049,NA,0.459485224,0,482,11,2.275681011,33.77566799,174.8543396,79.74571228
Kapelebyong,12/1/2020,877,367,0.998859749,876,736,877,NA,0.418472064,0,367,12,2.275681011,33.77566799,79.74571228,15.81676292
Kapelebyong,1/1/2021,615,215,0.998373984,614,679,615,NA,0.349593496,0,215,1,2.275681011,33.77566799,15.81676292,43.4934082
Kapelebyong,2/1/2021,656,156,1,656,732,656,NA,0.237804878,0,156,2,2.275681011,33.77566799,43.4934082,24.6188736
Kapelebyong,3/1/2021,768,130,1,768,853,768,NA,0.169270833,0,130,3,2.275681011,33.77566799,24.6188736,41.61550903
Kapelebyong,4/1/2021,633,101,0.998420221,632,662,633,NA,0.159557662,0,101,4,2.275681011,33.77566799,41.61550903,173.348999
Kapelebyong,5/1/2021,742,306,0.998652291,741,793,742,NA,0.412398922,0,306,5,2.275681011,33.77566799,173.348999,156.8391724
Kapelebyong,6/1/2021,923,320,1,923,868,923,NA,0.346695558,0,320,6,2.275681011,33.77566799,156.8391724,60.41496277
Kapelebyong,7/1/2021,774,282,1,774,589,774,NA,0.364341085,0,282,7,2.275681011,33.77566799,60.41496277,117.9112701
Kapelebyong,8/1/2021,847,339,0.998819362,846,913,847,NA,0.400236128,0,339,8,2.275681011,33.77566799,117.9112701,83.59128571
Kapelebyong,9/1/2021,857,332,0.998833139,856,919,857,NA,0.3873979,0,332,9,2.275681011,33.77566799,83.59128571,139.3759155
Kapelebyong,10/1/2021,1043,415,0.996164909,1039,713,1043,NA,0.3978907,0,415,10,2.275681011,33.77566799,139.3759155,111.5251465
Lira-Kato,1/1/2020,688,685,1,688,345,689,NA,0.995639535,0.995639535,686,1,2.869041,33.488078,118.4709473,14.86742401
Lira-Kato,2/1/2020,1274,930,0.998430141,1272,333,1281,NA,0.729984301,5.10989011,935,2,2.869041,33.488078,14.86742401,21.89756775
Lira-Kato,3/1/2020,1393,1053,0.999282125,1392,449,1394,NA,0.755922469,0.755922469,1054,3,2.869041,33.488078,21.89756775,213.7938385
Lira-Kato,4/1/2020,1511,994,1,1511,371,1511,NA,0.657842488,0,994,4,2.869041,33.488078,213.7938385,117.5367203
Lira-Kato,5/1/2020,2067,1243,1,2067,28,2067,NA,0.60135462,0,1243,5,2.869041,33.488078,117.5367203,144.1748199
Lira-Kato,6/1/2020,2341,1617,0.998718496,2338,33,2341,NA,0.690730457,0,1617,6,2.869041,33.488078,144.1748199,113.7852402
Lira-Kato,7/1/2020,2339,1768,0.999144934,2337,73,2341,NA,0.755878581,1.511757161,1770,7,2.869041,33.488078,113.7852402,148.4092865
Lira-Kato,8/1/2020,852,626,1,852,103,852,NA,0.734741784,0,626,8,2.869041,33.488078,148.4092865,222.8535767
Lira-Kato,9/1/2020,1679,1286,0.999404407,1678,65,1679,NA,0.765932102,0,1286,9,2.869041,33.488078,222.8535767,153.1885376
Lira-Kato,10/1/2020,1416,989,0.998587571,1414,190,1416,NA,0.698446328,0,989,10,2.869041,33.488078,153.1885376,257.5670776
Lira-Kato,11/1/2020,977,616,0.998976459,976,122,977,NA,0.630501535,0,616,11,2.869041,33.488078,257.5670776,94.90869904
Lira-Kato,12/1/2020,1277,863,0.999216915,1276,122,1277,NA,0.675802662,0,863,12,2.869041,33.488078,94.90869904,16.48705292
Lira-Kato,1/1/2021,321,197,0.925233645,297,279,321,NA,0.613707165,0,197,1,2.869041,33.488078,16.48705292,13.83470249
Lira-Kato,2/1/2021,879,394,0.995449374,875,417,880,NA,0.448236633,0.448236633,394,2,2.869041,33.488078,13.83470249,12.11223507
Lira-Kato,3/1/2021,940,371,0.99787234,938,298,940,NA,0.394680851,0,371,3,2.869041,33.488078,12.11223507,47.09289551
Lira-Kato,4/1/2021,942,280,1,942,96,942,NA,0.297239915,0,280,4,2.869041,33.488078,47.09289551,125.357933
Lira-Kato,5/1/2021,1439,665,0.979847116,1410,196,1439,NA,0.462126477,0,665,5,2.869041,33.488078,125.357933,185.6159363
Lira-Kato,6/1/2021,833,567,0.097238896,81,452,833,NA,0.680672269,0,567,6,2.869041,33.488078,185.6159363,64.47465515
Lira-Kato,7/1/2021,1441,1017,0.956280361,1378,219,1441,NA,0.705759889,0,1017,7,2.869041,33.488078,64.47465515,106.7380829
Lira-Kato,8/1/2021,1401,798,0.438972163,615,70,1401,NA,0.569593148,0,798,8,2.869041,33.488078,106.7380829,134.4505615
Lira-Kato,9/1/2021,528,379,0.003787879,2,174,528,NA,0.71780303,0,379,9,2.869041,33.488078,134.4505615,152.4068298
Lira-Kato,10/1/2021,990,645,0.336363636,333,148,990,NA,0.651515152,0,645,10,2.869041,33.488078,152.4068298,81.29766846
Lumino,1/1/2020,1988,1207,0.939637827,1868,260,1988,NA,0.607142857,0,1207,1,0.3242,33.9883,285.2938843,116.7133331
Lumino,2/1/2020,1178,659,0.926994907,1092,177,1178,NA,0.55942275,0,659,2,0.3242,33.9883,116.7133331,72.4515152
Lumino,3/1/2020,1414,724,0.958981612,1356,243,1414,NA,0.512022631,0,724,3,0.3242,33.9883,72.4515152,346.9654541
Lumino,4/1/2020,1133,688,0.982347749,1113,294,1133,NA,0.607237423,0,688,4,0.3242,33.9883,346.9654541,268.8037109
Lumino,5/1/2020,1574,964,0.978398983,1540,337,1574,NA,0.612452351,0,964,5,0.3242,33.9883,268.8037109,225.7255859
Lumino,6/1/2020,1948,1245,0.967659138,1885,357,1948,NA,0.639117043,0,1245,6,0.3242,33.9883,225.7255859,148.9578857
Lumino,7/1/2020,1624,898,0.637315271,1035,611,1624,NA,0.552955665,0,898,7,0.3242,33.9883,148.9578857,87.86456299
Lumino,8/1/2020,1274,681,0.89010989,1134,431,1274,NA,0.534536892,0,681,8,0.3242,33.9883,87.86456299,154.4223022
Lumino,9/1/2020,1185,662,0.722362869,856,500,1185,NA,0.558649789,0,662,9,0.3242,33.9883,154.4223022,226.9523163
Lumino,10/1/2020,1532,861,0.897519582,1375,327,1532,NA,0.562010444,0,861,10,0.3242,33.9883,226.9523163,254.8891602
Lumino,11/1/2020,1493,904,0.987943737,1475,296,1493,NA,0.605492297,0,904,11,0.3242,33.9883,254.8891602,505.5450439
Lumino,12/1/2020,1440,916,0.947916667,1365,269,1440,NA,0.636111111,0,916,12,0.3242,33.9883,505.5450439,83.62150574
Lumino,1/1/2021,1371,807,0.971553611,1332,302,1371,NA,0.588621444,0,807,1,0.3242,33.9883,83.62150574,98.83644867
Lumino,2/1/2021,1525,758,0.922622951,1407,429,1525,NA,0.49704918,0,758,2,0.3242,33.9883,98.83644867,69.84789276
Lumino,3/1/2021,1099,502,0.794358508,873,445,1099,NA,0.45677889,0,502,3,0.3242,33.9883,69.84789276,104.353096
Lumino,4/1/2021,1144,620,0.855769231,979,393,1144,NA,0.541958042,0,620,4,0.3242,33.9883,104.353096,328.9203491
Lumino,5/1/2021,1431,593,0.742837177,1063,386,1431,NA,0.414395528,0,593,5,0.3242,33.9883,328.9203491,261.3144836
Lumino,6/1/2021,1222,518,0.993453355,1214,266,1222,NA,0.423895254,0,518,6,0.3242,33.9883,261.3144836,105.5254822
Lumino,7/1/2021,759,414,0.422924901,321,262,759,NA,0.545454545,0,414,7,0.3242,33.9883,105.5254822,35.58135986
Lumino,8/1/2021,735,406,0.095238095,70,216,735,NA,0.552380952,0,406,8,0.3242,33.9883,35.58135986,124.7368088
Lumino,9/1/2021,896,417,0.984375,882,261,896,NA,0.465401786,0,417,9,0.3242,33.9883,124.7368088,203.1600037
Lumino,10/1/2021,836,400,0.479665072,401,376,836,NA,0.4784689,0,400,10,0.3242,33.9883,203.1600037,177.0584564
Morungatuny,1/1/2020,229,104,0.982532751,225,48,229,NA,0.454148472,0,104,1,2.12157,33.50803,197.5148621,25.98546219
Morungatuny,2/1/2020,944,500,0.993644068,938,155,944,NA,0.529661017,0,500,2,2.12157,33.50803,25.98546219,25.38928986
Morungatuny,3/1/2020,736,376,0.995923913,733,413,736,NA,0.510869565,0,376,3,2.12157,33.50803,25.38928986,240.1226654
Morungatuny,4/1/2020,861,485,0.989547038,852,245,861,NA,0.56329849,0,485,4,2.12157,33.50803,240.1226654,164.7944031
Morungatuny,5/1/2020,1108,640,0.999097473,1107,57,1108,NA,0.577617329,0,640,5,2.12157,33.50803,164.7944031,158.9703979
Morungatuny,6/1/2020,1191,707,1,1191,17,1191,NA,0.593618808,0,707,6,2.12157,33.50803,158.9703979,137.9506683
Morungatuny,7/1/2020,1683,1099,1,1683,12,1683,NA,0.653000594,0,1099,7,2.12157,33.50803,137.9506683,186.3087006
Morungatuny,8/1/2020,1745,1151,0.999426934,1744,72,1745,NA,0.659598854,0,1151,8,2.12157,33.50803,186.3087006,272.6525269
Morungatuny,9/1/2020,1446,813,1,1446,1,1446,NA,0.562240664,0,813,9,2.12157,33.50803,272.6525269,181.2089233
Morungatuny,10/1/2020,1535,745,1,1535,31,1535,NA,0.48534202,0,745,10,2.12157,33.50803,181.2089233,184.3903809
Morungatuny,11/1/2020,1278,577,1,1278,21,1278,NA,0.451486698,0,577,11,2.12157,33.50803,184.3903809,165.3356934
Morungatuny,12/1/2020,1208,501,1,1208,17,1208,NA,0.414735099,0,501,12,2.12157,33.50803,165.3356934,18.19029999
Morungatuny,1/1/2021,996,316,1,996,35,996,NA,0.317269076,0,316,1,2.12157,33.50803,18.19029999,44.53707123
Morungatuny,2/1/2021,1088,300,1,1088,17,1088,NA,0.275735294,0,300,2,2.12157,33.50803,44.53707123,30.0679245
Morungatuny,3/1/2021,1145,297,0.999126638,1144,4,1145,NA,0.259388646,0,297,3,2.12157,33.50803,30.0679245,41.20584869
Morungatuny,4/1/2021,1247,270,1,1247,3,1247,NA,0.216519647,0,270,4,2.12157,33.50803,41.20584869,189.1497498
Morungatuny,5/1/2021,1074,411,1,1074,46,1074,NA,0.382681564,0,411,5,2.12157,33.50803,189.1497498,175.9168091
Morungatuny,6/1/2021,1292,413,1,1292,23,1292,NA,0.319659443,0,413,6,2.12157,33.50803,175.9168091,67.12997437
Morungatuny,7/1/2021,446,155,1,446,11,446,NA,0.347533632,0,155,7,2.12157,33.50803,67.12997437,103.3867035
Morungatuny,8/1/2021,829,294,1,829,66,829,NA,0.35464415,0,294,8,2.12157,33.50803,103.3867035,130.5192871
Morungatuny,9/1/2021,636,278,1,636,212,636,NA,0.437106918,0,278,9,2.12157,33.50803,130.5192871,166.769104
Morungatuny,10/1/2021,1006,434,1,1006,144,1006,NA,0.431411531,0,434,10,2.12157,33.50803,166.769104,97.81158447
Nagongera,2/1/2014,757,173,0,0,491,765,0,0.228533686,1.828269485,175,2,0.769783,34.025635,50.4717865,69.02033234
Nagongera,3/1/2014,468,99,0,0,353,474,0,0.211538462,1.269230769,100,3,0.769783,34.025635,69.02033234,111.9245758
Nagongera,4/1/2014,1039,250,0.011549567,12,584,1042,0,0.240615977,0.721847931,251,4,0.769783,34.025635,111.9245758,150.8592529
Nagongera,5/1/2014,1014,265,0.064102564,65,484,1018,0,0.261341223,1.045364892,266,5,0.769783,34.025635,150.8592529,214.4822998
Nagongera,6/1/2014,1559,358,0.083386786,130,612,1569,0,0.229634381,2.29634381,360,6,0.769783,34.025635,214.4822998,159.647522
Nagongera,7/1/2014,1561,314,0.01409353,22,591,1571,0,0.201153107,2.01153107,316,7,0.769783,34.025635,159.647522,97.0080719
Nagongera,8/1/2014,1423,323,0.129304287,184,560,1429,0,0.226985242,1.361911455,324,8,0.769783,34.025635,97.0080719,135.9405365
Nagongera,9/1/2014,853,199,0.024618992,21,717,876,0,0.233294256,5.365767878,204,9,0.769783,34.025635,135.9405365,105.9804001
Nagongera,10/1/2014,963,249,0.114226376,110,785,981,0,0.258566978,4.654205607,254,10,0.769783,34.025635,105.9804001,217.6968689
Nagongera,11/1/2014,1058,281,0.066162571,70,811,1100,0,0.265595463,11.15500945,292,11,0.769783,34.025635,217.6968689,127.9853668
Nagongera,12/1/2014,1027,347,0.106134372,109,749,1036,0,0.337877313,3.040895813,350,12,0.769783,34.025635,127.9853668,68.00526428
Nagongera,1/1/2015,1374,440,0.026928675,37,840,1390,0,0.320232897,5.123726346,445,1,0.769783,34.025635,68.00526428,7.448589325
Nagongera,2/1/2015,914,160,0.029540481,27,666,921,1,0.175054705,1.225382932,161,2,0.769783,34.025635,7.448589325,22.27713203
Nagongera,3/1/2015,937,107,0.028815368,27,819,951,2,0.114194237,1.598719317,109,3,0.769783,34.025635,22.27713203,63.5030365
Nagongera,4/1/2015,539,67,0.038961039,21,674,544,3,0.124304267,0.621521336,68,4,0.769783,34.025635,63.5030365,220.8833313
Nagongera,5/1/2015,861,146,0.041811847,36,796,873,4,0.169570267,2.034843206,148,5,0.769783,34.025635,220.8833313,169.1177673
Nagongera,6/1/2015,767,203,0.054758801,42,942,781,5,0.264667536,3.705345502,207,6,0.769783,34.025635,169.1177673,201.2490387
Nagongera,7/1/2015,753,120,0.128818061,97,915,770,6,0.15936255,2.709163347,123,7,0.769783,34.025635,201.2490387,75.21499634
Nagongera,8/1/2015,599,66,0.151919866,91,1232,644,7,0.110183639,4.958263773,71,8,0.769783,34.025635,75.21499634,74.1218338
Nagongera,9/1/2015,941,85,0.138150903,130,732,949,8,0.090329437,0.722635494,86,9,0.769783,34.025635,74.1218338,122.9644394
Nagongera,10/1/2015,952,69,0.155462185,148,985,955,9,0.072478992,0.217436975,69,10,0.769783,34.025635,122.9644394,239.15448
Nagongera,11/1/2015,957,63,0.509926855,488,1152,966,10,0.065830721,0.592476489,64,11,0.769783,34.025635,239.15448,250.6279297
Nagongera,12/1/2015,587,44,0.449744463,264,1080,589,11,0.074957411,0.149914821,44,12,0.769783,34.025635,250.6279297,129.4519196
Nagongera,1/1/2016,579,32,0.347150259,201,1370,585,12,0.055267703,0.331606218,32,1,0.769783,34.025635,129.4519196,74.8948822
Nagongera,2/1/2016,509,38,0.388998035,198,1229,518,13,0.074656189,0.671905697,39,2,0.769783,34.025635,74.8948822,25.98184204
Nagongera,3/1/2016,469,35,0.590618337,277,1278,473,14,0.074626866,0.298507463,35,3,0.769783,34.025635,25.98184204,70.18797302
Nagongera,4/1/2016,406,30,0.71182266,289,1190,412,15,0.073891626,0.443349754,30,4,0.769783,34.025635,70.18797302,302.1793823
Nagongera,5/1/2016,682,105,0.486803519,332,1330,686,16,0.153958944,0.615835777,106,5,0.769783,34.025635,302.1793823,155.2415924
Nagongera,6/1/2016,1242,399,0.507246377,630,1202,1256,17,0.321256039,4.497584541,403,6,0.769783,34.025635,155.2415924,127.0538177
Nagongera,7/1/2016,1156,222,0.44982699,520,807,1162,18,0.192041522,1.152249135,223,7,0.769783,34.025635,127.0538177,66.68494415
Nagongera,8/1/2016,736,52,0.410326087,302,1011,739,19,0.070652174,0.211956522,52,8,0.769783,34.025635,66.68494415,71.21403503
Nagongera,9/1/2016,522,35,0.524904215,274,1201,529,20,0.067049808,0.469348659,35,9,0.769783,34.025635,71.21403503,93.65211487
Nagongera,10/1/2016,578,39,0.693771626,401,1127,578,21,0.067474048,0,39,10,0.769783,34.025635,93.65211487,87.19707489
Nagongera,11/1/2016,523,35,0.709369025,371,1489,524,22,0.066921606,0.066921606,35,11,0.769783,34.025635,87.19707489,116.1694031
Nagongera,12/1/2016,481,38,0.656964657,316,838,481,23,0.079002079,0,38,12,0.769783,34.025635,116.1694031,13.47591114
Nagongera,1/1/2017,572,38,0.769230769,440,1133,572,24,0.066433566,0,38,1,0.769783,34.025635,13.47591114,54.05015945
Nagongera,2/1/2017,352,25,0.514204545,181,1201,354,25,0.071022727,0.142045455,25,2,0.769783,34.025635,54.05015945,171.1409607
Nagongera,3/1/2017,415,77,0.614457831,255,1329,416,26,0.185542169,0.185542169,77,3,0.769783,34.025635,171.1409607,81.27993774
Nagongera,4/1/2017,721,161,0.463245492,334,1165,722,27,0.223300971,0.223300971,161,4,0.769783,34.025635,81.27993774,166.9355164
Nagongera,5/1/2017,1059,382,0.71388102,756,1301,1063,28,0.360717658,1.442870633,383,5,0.769783,34.025635,166.9355164,215.774826
Nagongera,6/1/2017,939,328,0.674121406,633,1289,951,29,0.349307774,4.191693291,332,6,0.769783,34.025635,215.774826,116.9214172
Nagongera,7/1/2017,826,418,0.351089588,290,1189,837,30,0.506053269,5.566585956,424,7,0.769783,34.025635,116.9214172,120.1456146
Nagongera,8/1/2017,716,153,0.336592179,241,1122,717,31,0.213687151,0.213687151,153,8,0.769783,34.025635,120.1456146,129.2307739
Nagongera,9/1/2017,369,59,0.780487805,288,951,371,32,0.159891599,0.319783198,59,9,0.769783,34.025635,129.2307739,137.5411987
Nagongera,10/1/2017,277,57,0.487364621,135,1350,278,33,0.205776173,0.205776173,57,10,0.769783,34.025635,137.5411987,127.7946701
Nagongera,11/1/2017,292,53,0.643835616,188,1168,292,34,0.181506849,0,53,11,0.769783,34.025635,127.7946701,123.9910583
Nagongera,12/1/2017,342,31,0.391812865,134,799,342,35,0.090643275,0,31,12,0.769783,34.025635,123.9910583,18.33328629
Nagongera,1/1/2018,514,32,0.501945525,258,912,514,36,0.062256809,0,32,1,0.769783,34.025635,18.33328629,18.73593903
Nagongera,2/1/2018,339,34,0.610619469,207,1130,340,37,0.100294985,0.100294985,34,2,0.769783,34.025635,18.73593903,64.25026703
Nagongera,3/1/2018,295,21,0.861016949,254,952,296,38,0.071186441,0.071186441,21,3,0.769783,34.025635,64.25026703,169.4001312
Nagongera,4/1/2018,338,21,0.866863905,293,1077,338,39,0.062130178,0,21,4,0.769783,34.025635,169.4001312,250.5919342
Nagongera,5/1/2018,578,70,0.444636678,257,1157,578,40,0.121107266,0,70,5,0.769783,34.025635,250.5919342,242.8729095
Nagongera,6/1/2018,701,96,0.233951498,164,904,702,41,0.136947218,0.136947218,96,6,0.769783,34.025635,242.8729095,144.3247986
Nagongera,7/1/2018,760,66,0.103947368,79,798,760,42,0.086842105,0,66,7,0.769783,34.025635,144.3247986,71.71231842
Nagongera,8/1/2018,1011,29,0.042532146,43,994,1011,43,0.028684471,0,29,8,0.769783,34.025635,71.71231842,91.53218079
Nagongera,9/1/2018,632,27,0.007911392,5,658,632,44,0.042721519,0,27,9,0.769783,34.025635,91.53218079,79.48542786
Nagongera,10/1/2018,847,28,0.07674144,65,874,847,45,0.033057851,0,28,10,0.769783,34.025635,79.48542786,117.9626007
Nagongera,11/1/2018,679,30,0.06921944,47,818,679,46,0.044182622,0,30,11,0.769783,34.025635,117.9626007,74.00845337
Nagongera,12/1/2018,582,21,0.195876289,114,726,582,47,0.036082474,0,21,12,0.769783,34.025635,74.00845337,121.7927551
Nagongera,1/1/2019,447,21,0.181208054,81,1033,447,48,0.046979866,0,21,1,0.769783,34.025635,121.7927551,14.56502151
Nagongera,2/1/2019,334,31,0.24251497,81,1014,334,49,0.092814371,0,31,2,0.769783,34.025635,14.56502151,70.47885132
Nagongera,3/1/2019,381,34,0.530183727,202,850,381,50,0.089238845,0,34,3,0.769783,34.025635,70.47885132,105.9741058
Nagongera,4/1/2019,510,47,0.129411765,66,797,510,51,0.092156863,0,47,4,0.769783,34.025635,105.9741058,193.809967
Nagongera,5/1/2019,323,29,0.284829721,92,899,324,52,0.089783282,0.089783282,29,5,0.769783,34.025635,193.809967,175.664917
Nagongera,6/1/2019,423,61,0.302600473,128,868,423,53,0.144208038,0,61,6,0.769783,34.025635,175.664917,171.2089844
Nagongera,7/1/2019,602,82,0.131229236,79,1075,602,54,0.136212625,0,82,7,0.769783,34.025635,171.2089844,106.1395874
Nagongera,8/1/2019,441,48,0.648526077,286,1058,442,55,0.108843537,0.108843537,48,8,0.769783,34.025635,106.1395874,131.9360504
Nagongera,9/1/2019,469,43,0.918976546,431,844,470,56,0.091684435,0.091684435,43,9,0.769783,34.025635,131.9360504,119.0884018
Nagongera,10/1/2019,461,48,0.548806941,253,1191,461,57,0.104121475,0,48,10,0.769783,34.025635,119.0884018,319.1064148
Nagongera,11/1/2019,514,42,0.23151751,119,1107,515,58,0.081712062,0.081712062,42,11,0.769783,34.025635,319.1064148,200.8599396
Nagongera,12/1/2019,319,51,0.526645768,168,906,319,59,0.159874608,0,51,12,0.769783,34.025635,200.8599396,252.8745422
Nagongera,1/1/2020,623,87,0.455858748,284,1399,623,60,0.13964687,0,87,1,0.769783,34.025635,252.8745422,98.20779419
Nagongera,2/1/2020,607,99,0.747940692,454,942,609,61,0.163097199,0.326194399,99,2,0.769783,34.025635,98.20779419,62.81901169
Nagongera,3/1/2020,651,61,0.371735791,242,841,651,62,0.093701997,0,61,3,0.769783,34.025635,62.81901169,264.6118469
Nagongera,4/1/2020,316,47,0.886075949,280,646,316,63,0.148734177,0,47,4,0.769783,34.025635,264.6118469,221.0002594
Nagongera,5/1/2020,437,40,0.459954233,201,1363,437,64,0.091533181,0,40,5,0.769783,34.025635,221.0002594,147.4624329
Nagongera,6/1/2020,544,65,0.871323529,474,1085,544,65,0.119485294,0,65,6,0.769783,34.025635,147.4624329,159.0747681
Nagongera,7/1/2020,651,62,0.989247312,644,1061,651,66,0.095238095,0,62,7,0.769783,34.025635,159.0747681,99.52865601
Nagongera,8/1/2020,535,49,0.998130841,534,1114,535,67,0.091588785,0,49,8,0.769783,34.025635,99.52865601,203.2272034
Nagongera,9/1/2020,511,46,0.982387476,502,903,511,68,0.090019569,0,46,9,0.769783,34.025635,203.2272034,146.5601959
Nagongera,10/1/2020,734,56,0.991825613,728,1281,734,69,0.076294278,0,56,10,0.769783,34.025635,146.5601959,215.1714478
Nagongera,11/1/2020,706,65,0.990084986,699,1275,706,70,0.092067989,0,65,11,0.769783,34.025635,215.1714478,415.7589722
Nagongera,12/1/2020,716,90,0.927374302,664,1136,716,71,0.125698324,0,90,12,0.769783,34.025635,415.7589722,51.72822952
Nagongera,1/1/2021,854,114,0.825526932,705,1642,856,72,0.133489461,0.266978923,114,1,0.769783,34.025635,51.72822952,67.31661987
Nagongera,2/1/2021,801,134,0.647940075,519,1212,801,73,0.167290886,0,134,2,0.769783,34.025635,67.31661987,79.39915466
Nagongera,3/1/2021,897,222,0.652173913,585,1192,897,74,0.247491639,0,222,3,0.769783,34.025635,79.39915466,67.41702271
Nagongera,4/1/2021,758,170,0.972295515,737,1092,758,75,0.224274406,0,170,4,0.769783,34.025635,67.41702271,274.8889771
Nagongera,5/1/2021,1017,298,0.991150442,1008,1106,1017,76,0.293018682,0,298,5,0.769783,34.025635,274.8889771,187.9998322
Nagongera,6/1/2021,878,329,0.971526196,853,977,878,77,0.374715262,0,329,6,0.769783,34.025635,187.9998322,101.1412659
Nagongera,7/1/2021,832,381,0.748798077,623,841,832,78,0.457932692,0,381,7,0.769783,34.025635,101.1412659,51.32292938
Nagongera,8/1/2021,1194,598,0.265494137,317,849,1194,79,0.500837521,0,598,8,0.769783,34.025635,51.32292938,118.1720123
Nagongera,9/1/2021,1264,619,0.356803797,451,1057,1264,80,0.48971519,0,619,9,0.769783,34.025635,118.1720123,152.8726959
Nagongera,10/1/2021,1330,841,0.75112782,999,610,1330,81,0.632330827,0,841,10,0.769783,34.025635,152.8726959,104.7876892
Obalanga,1/1/2020,864,342,0.649305556,561,185,864,NA,0.395833333,0,342,1,2.198768,33.594979,173.7713013,24.30458832
Obalanga,2/1/2020,876,506,0.810502283,710,149,876,NA,0.577625571,0,506,2,2.198768,33.594979,24.30458832,26.08112335
Obalanga,3/1/2020,1025,586,0.970731707,995,135,1025,NA,0.571707317,0,586,3,2.198768,33.594979,26.08112335,228.7181396
Obalanga,4/1/2020,1401,925,0.902212705,1264,179,1402,NA,0.660242684,0.660242684,926,4,2.198768,33.594979,228.7181396,172.0761108
Obalanga,5/1/2020,1752,1160,0.780821918,1368,169,1752,NA,0.662100457,0,1160,5,2.198768,33.594979,172.0761108,153.0059814
Obalanga,6/1/2020,1979,1449,0.879231935,1740,347,1981,NA,0.732187974,1.464375947,1450,6,2.198768,33.594979,153.0059814,150.5258789
Obalanga,7/1/2020,1910,1428,0.815183246,1557,309,1910,NA,0.747643979,0,1428,7,2.198768,33.594979,150.5258789,169.09021
Obalanga,8/1/2020,1304,962,0.726226994,947,95,1304,NA,0.737730061,0,962,8,2.198768,33.594979,169.09021,258.4777832
Obalanga,9/1/2020,1078,738,0.70593692,761,4,1078,NA,0.684601113,0,738,9,2.198768,33.594979,258.4777832,160.5614471
Obalanga,10/1/2020,1404,813,0.767094017,1077,2,1404,NA,0.579059829,0,813,10,2.198768,33.594979,160.5614471,172.4967804
Obalanga,11/1/2020,1247,572,0.75701684,944,9,1247,NA,0.458700882,0,572,11,2.198768,33.594979,172.4967804,134.2638397
Obalanga,12/1/2020,1012,436,0.898221344,909,0,1012,NA,0.43083004,0,436,12,2.198768,33.594979,134.2638397,16.77419662
Obalanga,1/1/2021,1013,337,0.944718657,957,0,1013,NA,0.332675222,0,337,1,2.198768,33.594979,16.77419662,40.73722076
Obalanga,2/1/2021,1232,361,0.905844156,1116,37,1232,NA,0.293019481,0,361,2,2.198768,33.594979,40.73722076,28.09908295
Obalanga,3/1/2021,1052,298,0.901140684,948,208,1052,NA,0.283269962,0,298,3,2.198768,33.594979,28.09908295,41.54014587
Obalanga,4/1/2021,1011,330,0.926805143,937,246,1011,NA,0.326409496,0,330,4,2.198768,33.594979,41.54014587,189.1841431
Obalanga,5/1/2021,990,582,0.909090909,900,23,990,NA,0.587878788,0,582,5,2.198768,33.594979,189.1841431,166.8594055
Obalanga,6/1/2021,1280,773,0.871875,1116,0,1280,NA,0.60390625,0,773,6,2.198768,33.594979,166.8594055,62.34215927
Obalanga,7/1/2021,1285,605,0.769649805,989,42,1285,NA,0.470817121,0,605,7,2.198768,33.594979,62.34215927,96.68174744
Obalanga,8/1/2021,1308,687,0.798929664,1045,125,1308,NA,0.525229358,0,687,8,2.198768,33.594979,96.68174744,118.2227173
Obalanga,9/1/2021,1071,504,0.826330532,885,144,1071,NA,0.470588235,0,504,9,2.198768,33.594979,118.2227173,149.6808167
Obalanga,10/1/2021,1155,602,0.814718615,941,216,1155,NA,0.521212121,0,602,10,2.198768,33.594979,149.6808167,106.6912689
Orum,3/1/2014,673,336,0.46359584,312,410,747,0,0.499257058,36.94502229,373,3,2.401264,33.34869,18.10025787,78.77155304
Orum,4/1/2014,839,491,0.384982122,323,595,910,0,0.585220501,41.55065554,533,4,2.401264,33.34869,78.77155304,126.0895844
Orum,5/1/2014,1021,848,0.519098923,530,539,1082,0,0.830558276,50.66405485,899,5,2.401264,33.34869,126.0895844,256.8834839
Orum,6/1/2014,1008,734,0.438492063,442,586,1122,0,0.728174603,83.01190476,817,6,2.401264,33.34869,256.8834839,238.7929688
Orum,7/1/2014,837,592,0.41218638,345,854,843,0,0.707287933,4.243727599,596,7,2.401264,33.34869,238.7929688,164.4958801
Orum,8/1/2014,760,532,0.477631579,363,673,761,0,0.7,0.7,533,8,2.401264,33.34869,164.4958801,244.7029877
Orum,9/1/2014,839,552,0.567342074,476,769,846,0,0.657926103,4.605482718,557,9,2.401264,33.34869,244.7029877,108.2049026
Orum,10/1/2014,957,653,0.561128527,537,781,965,0,0.682340648,5.458725183,658,10,2.401264,33.34869,108.2049026,173.9071655
Orum,11/1/2014,762,450,0.44488189,339,556,763,0,0.590551181,0.590551181,451,11,2.401264,33.34869,173.9071655,102.5332413
Orum,12/1/2014,632,374,0.183544304,116,470,664,0,0.591772152,18.93670886,393,12,2.401264,33.34869,102.5332413,19.0897522
Orum,1/1/2015,601,412,0.344425957,207,563,621,0,0.685524126,13.71048253,426,1,2.401264,33.34869,19.0897522,3.300540924
Orum,2/1/2015,654,298,0.619266055,405,676,706,1,0.455657492,23.6941896,322,2,2.401264,33.34869,3.300540924,17.22561455
Orum,3/1/2015,652,306,0.877300613,572,547,706,2,0.469325153,25.34355828,331,3,2.401264,33.34869,17.22561455,40.89611053
Orum,4/1/2015,338,206,0.467455621,158,595,381,3,0.609467456,26.20710059,232,4,2.401264,33.34869,40.89611053,245.2442627
Orum,5/1/2015,808,501,0.533415842,431,423,844,4,0.620049505,22.32178218,523,5,2.401264,33.34869,245.2442627,178.6061859
Orum,6/1/2015,1159,960,0.044866264,52,442,1233,5,0.828300259,61.29421915,1021,6,2.401264,33.34869,178.6061859,207.3342743
Orum,7/1/2015,776,606,0.105670103,82,522,820,6,0.780927835,34.36082474,640,7,2.401264,33.34869,207.3342743,197.500412
Orum,8/1/2015,410,248,0.643902439,264,443,451,7,0.604878049,24.8,273,8,2.401264,33.34869,197.500412,156.756012
Orum,9/1/2015,408,214,0.590686275,241,396,491,8,0.524509804,43.53431373,258,9,2.401264,33.34869,156.756012,118.3869476
Orum,10/1/2015,792,558,0.391414141,310,379,873,9,0.704545455,57.06818182,615,10,2.401264,33.34869,118.3869476,228.9810181
Orum,11/1/2015,709,369,0.779971791,553,445,756,10,0.52045134,24.46121298,393,11,2.401264,33.34869,228.9810181,220.9784851
Orum,12/1/2015,522,203,0.798850575,417,361,562,11,0.388888889,15.55555556,219,12,2.401264,33.34869,220.9784851,55.23917389
Orum,1/1/2016,659,330,0.798179059,526,352,716,12,0.500758725,28.54324734,359,1,2.401264,33.34869,55.23917389,18.60482788
Orum,2/1/2016,424,322,0.186320755,79,337,467,13,0.759433962,32.65566038,355,2,2.401264,33.34869,18.60482788,7.817248344
Orum,3/1/2016,553,289,0.611211573,338,374,592,14,0.522603978,20.38155515,309,3,2.401264,33.34869,7.817248344,37.28868484
Orum,4/1/2016,568,183,0.88028169,500,363,606,15,0.322183099,12.24295775,195,4,2.401264,33.34869,37.28868484,278.7146301
Orum,5/1/2016,684,252,0.91374269,625,408,733,16,0.368421053,18.05263158,270,5,2.401264,33.34869,278.7146301,167.8864441
Orum,6/1/2016,777,341,0.75032175,583,366,819,17,0.438867439,18.43243243,359,6,2.401264,33.34869,167.8864441,115.6577301
Orum,7/1/2016,732,327,0.482240437,353,506,786,18,0.446721311,24.12295082,351,7,2.401264,33.34869,115.6577301,182.2456665
Orum,8/1/2016,936,465,0.463675214,434,546,973,19,0.496794872,18.38141026,483,8,2.401264,33.34869,182.2456665,146.9564972
Orum,9/1/2016,1004,530,0.541832669,544,460,1047,20,0.527888446,22.69920319,553,9,2.401264,33.34869,146.9564972,101.0411453
Orum,10/1/2016,937,653,0.411953042,386,546,957,21,0.696905016,13.93810032,667,10,2.401264,33.34869,101.0411453,175.342865
Orum,11/1/2016,1080,560,0.532407407,575,517,1085,22,0.518518519,2.592592593,563,11,2.401264,33.34869,175.342865,62.30561829
Orum,12/1/2016,838,470,0.630071599,528,443,841,23,0.560859189,1.682577566,472,12,2.401264,33.34869,62.30561829,7.10841465
Orum,1/1/2017,678,339,0.508849558,345,393,688,24,0.5,5,344,1,2.401264,33.34869,7.10841465,9.001893997
Orum,2/1/2017,449,147,0.654788419,294,398,459,25,0.327394209,3.273942094,150,2,2.401264,33.34869,9.001893997,110.0488129
Orum,3/1/2017,818,211,0.479217604,392,563,819,26,0.25794621,0.25794621,211,3,2.401264,33.34869,110.0488129,71.82250977
Orum,4/1/2017,959,519,0.249217935,239,329,962,27,0.541188738,1.623566215,521,4,2.401264,33.34869,71.82250977,134.4510803
Orum,5/1/2017,1019,547,0.038272816,39,432,1020,28,0.536800785,0.536800785,548,5,2.401264,33.34869,134.4510803,135.3893738
Orum,6/1/2017,1182,763,0.014382403,17,378,1185,29,0.645516074,1.936548223,765,6,2.401264,33.34869,135.3893738,152.9223328
Orum,7/1/2017,961,539,0.004162331,4,342,962,30,0.560874089,0.560874089,540,7,2.401264,33.34869,152.9223328,281.9611206
Orum,8/1/2017,625,310,0,0,438,629,31,0.496,1.984,312,8,2.401264,33.34869,281.9611206,177.1530762
Orum,9/1/2017,602,264,0,0,371,602,32,0.438538206,0,264,9,2.401264,33.34869,177.1530762,152.6726379
Orum,10/1/2017,696,458,0.001436782,1,325,696,33,0.658045977,0,458,10,2.401264,33.34869,152.6726379,122.8436356
Orum,11/1/2017,621,217,0.449275362,279,319,622,34,0.349436393,0.349436393,217,11,2.401264,33.34869,122.8436356,95.64822388
Orum,12/1/2017,277,65,0.913357401,253,511,277,35,0.23465704,0,65,12,2.401264,33.34869,95.64822388,4.919397354
Orum,1/1/2018,276,49,0.684782609,189,744,276,36,0.177536232,0,49,1,2.401264,33.34869,4.919397354,3.509218216
Orum,2/1/2018,286,57,0.297202797,85,585,286,37,0.199300699,0,57,2,2.401264,33.34869,3.509218216,27.54614639
Orum,3/1/2018,307,60,0.80781759,248,619,307,38,0.195439739,0,60,3,2.401264,33.34869,27.54614639,154.6823578
Orum,4/1/2018,421,68,0.914489311,385,524,421,39,0.16152019,0,68,4,2.401264,33.34869,154.6823578,236.7851715
Orum,5/1/2018,388,62,0.981958763,381,569,388,40,0.159793814,0,62,5,2.401264,33.34869,236.7851715,236.7219086
Orum,6/1/2018,461,98,0.754880694,348,564,461,41,0.212581345,0,98,6,2.401264,33.34869,236.7219086,195.9299622
Orum,7/1/2018,549,94,0.857923497,471,611,549,42,0.171220401,0,94,7,2.401264,33.34869,195.9299622,136.8133392
Orum,8/1/2018,492,93,0.754065041,371,570,492,43,0.18902439,0,93,8,2.401264,33.34869,136.8133392,229.1718445
Orum,9/1/2018,341,76,0.653958944,223,520,341,44,0.2228739,0,76,9,2.401264,33.34869,229.1718445,75.0737381
Orum,10/1/2018,529,158,0.778827977,412,624,529,45,0.298676749,0,158,10,2.401264,33.34869,75.0737381,141.532959
Orum,11/1/2018,375,80,0.802666667,301,448,375,46,0.213333333,0,80,11,2.401264,33.34869,141.532959,93.94708252
Orum,12/1/2018,278,50,0.920863309,256,346,278,47,0.179856115,0,50,12,2.401264,33.34869,93.94708252,57.66523743
Orum,1/1/2019,357,37,0.725490196,259,633,357,48,0.103641457,0,37,1,2.401264,33.34869,57.66523743,5.468446732
Orum,2/1/2019,373,42,0.946380697,353,480,373,49,0.112600536,0,42,2,2.401264,33.34869,5.468446732,27.73694801
Orum,3/1/2019,328,45,0.847560976,278,466,328,50,0.137195122,0,45,3,2.401264,33.34869,27.73694801,42.76595688
Orum,4/1/2019,369,40,0.807588076,298,428,369,51,0.108401084,0,40,4,2.401264,33.34869,42.76595688,131.5512695
Orum,5/1/2019,371,115,0.590296496,219,514,371,52,0.309973046,0,115,5,2.401264,33.34869,131.5512695,187.5483551
Orum,6/1/2019,825,394,0.724848485,598,374,825,53,0.477575758,0,394,6,2.401264,33.34869,187.5483551,222.0373535
Orum,7/1/2019,855,285,0.821052632,702,747,855,54,0.333333333,0,285,7,2.401264,33.34869,222.0373535,200.7047424
Orum,8/1/2019,757,282,0.93659181,709,296,757,55,0.372523118,0,282,8,2.401264,33.34869,200.7047424,167.5321503
Orum,9/1/2019,612,250,0.895424837,548,499,612,56,0.408496732,0,250,9,2.401264,33.34869,167.5321503,146.4230804
Orum,10/1/2019,711,182,0.888888889,632,428,711,57,0.255977496,0,182,10,2.401264,33.34869,146.4230804,213.1212769
Orum,11/1/2019,427,105,0.971896956,415,399,427,58,0.245901639,0,105,11,2.401264,33.34869,213.1212769,136.4627228
Orum,12/1/2019,376,189,0.095744681,36,372,376,59,0.502659574,0,189,12,2.401264,33.34869,136.4627228,177.6273804
Orum,1/1/2020,564,210,0.906028369,511,460,564,60,0.372340426,0,210,1,2.401264,33.34869,177.6273804,23.49182892
Orum,2/1/2020,411,126,0.944038929,388,350,411,61,0.306569343,0,126,2,2.401264,33.34869,23.49182892,31.06943893
Orum,3/1/2020,518,136,0.978764479,507,401,518,62,0.262548263,0,136,3,2.401264,33.34869,31.06943893,208.1944885
Orum,4/1/2020,481,138,0.9002079,433,445,481,63,0.286902287,0,138,4,2.401264,33.34869,208.1944885,180.1731567
Orum,5/1/2020,584,169,0.84760274,495,332,584,64,0.289383562,0,169,5,2.401264,33.34869,180.1731567,132.5767212
Orum,6/1/2020,575,207,0.791304348,455,260,575,65,0.36,0,207,6,2.401264,33.34869,132.5767212,145.8990326
Orum,7/1/2020,568,279,0.815140845,463,428,568,66,0.491197183,0,279,7,2.401264,33.34869,145.8990326,182.5553589
Orum,8/1/2020,582,302,0.783505155,456,389,582,67,0.518900344,0,302,8,2.401264,33.34869,182.5553589,226.6239319
Orum,9/1/2020,671,343,0.751117735,504,317,671,68,0.511177347,0,343,9,2.401264,33.34869,226.6239319,146.9421387
Orum,10/1/2020,587,267,0.892674617,524,306,587,69,0.454855196,0,267,10,2.401264,33.34869,146.9421387,234.5921173
Orum,11/1/2020,614,335,0.959283388,589,364,614,70,0.545602606,0,335,11,2.401264,33.34869,234.5921173,130.5512848
Orum,12/1/2020,652,413,0.532208589,347,302,652,71,0.633435583,0,413,12,2.401264,33.34869,130.5512848,14.53603935
Orum,1/1/2021,390,221,0.105128205,41,319,390,72,0.566666667,0,221,1,2.401264,33.34869,14.53603935,27.73546982
Orum,2/1/2021,512,212,0.849609375,435,330,512,73,0.4140625,0,212,2,2.401264,33.34869,27.73546982,19.50128555
Orum,3/1/2021,537,211,0.802607076,431,367,537,74,0.39292365,0,211,3,2.401264,33.34869,19.50128555,43.20035172
Orum,4/1/2021,333,134,0.537537538,179,297,333,75,0.402402402,0,134,4,2.401264,33.34869,43.20035172,165.6943665
Orum,5/1/2021,984,597,0.93800813,923,401,984,76,0.606707317,0,597,5,2.401264,33.34869,165.6943665,195.8967285
Orum,6/1/2021,1187,770,0.527379949,626,416,1187,77,0.648694187,0,770,6,2.401264,33.34869,195.8967285,86.13458252
Orum,7/1/2021,829,533,0.592279855,491,335,829,78,0.642943305,0,533,7,2.401264,33.34869,86.13458252,126.8199463
Orum,8/1/2021,1183,727,0,0,397,1183,79,0.614539307,0,727,8,2.401264,33.34869,126.8199463,129.9037933
Orum,9/1/2021,895,513,0,0,277,895,80,0.573184358,0,513,9,2.401264,33.34869,129.9037933,132.6652985
Orum,10/1/2021,782,346,0,0,184,782,81,0.442455243,0,346,10,2.401264,33.34869,132.6652985,123.2601166
Patongo,1/1/2020,1607,1143,0.985065339,1583,326,1609,NA,0.711263223,1.422526447,1144,1,2.76042,33.311638,154.1211853,14.40698624
Patongo,2/1/2020,1505,1016,0.984717608,1482,297,1505,NA,0.675083056,0,1016,2,2.76042,33.311638,14.40698624,24.66207504
Patongo,3/1/2020,1518,906,0.980237154,1488,384,1518,NA,0.596837945,0,906,3,2.76042,33.311638,24.66207504,219.3127289
Patongo,4/1/2020,1411,852,0.97448618,1375,305,1411,NA,0.603827073,0,852,4,2.76042,33.311638,219.3127289,130.5085449
Patongo,5/1/2020,1379,933,0.975344453,1345,256,1379,NA,0.67657723,0,933,5,2.76042,33.311638,130.5085449,128.4035492
Patongo,6/1/2020,1814,1279,0.985115766,1787,223,1814,NA,0.705071665,0,1279,6,2.76042,33.311638,128.4035492,121.5270386
Patongo,7/1/2020,2071,1487,0.978754225,2027,307,2074,NA,0.718010623,2.154031869,1489,7,2.76042,33.311638,121.5270386,163.7736511
Patongo,8/1/2020,1346,872,0.894502229,1204,193,1346,NA,0.647845468,0,872,8,2.76042,33.311638,163.7736511,207.6093597
Patongo,9/1/2020,1813,1233,0.990623276,1796,165,1813,NA,0.680088252,0,1233,9,2.76042,33.311638,207.6093597,143.6747589
Patongo,10/1/2020,1089,633,0.986225895,1074,174,1089,NA,0.581267218,0,633,10,2.76042,33.311638,143.6747589,223.0730743
Patongo,11/1/2020,1368,842,0.821637427,1124,204,1368,NA,0.615497076,0,842,11,2.76042,33.311638,223.0730743,103.7690353
Patongo,12/1/2020,1150,715,0.984347826,1132,228,1150,NA,0.62173913,0,715,12,2.76042,33.311638,103.7690353,19.66757393
Patongo,1/1/2021,830,385,0.710843373,590,186,830,NA,0.463855422,0,385,1,2.76042,33.311638,19.66757393,11.29662132
Patongo,2/1/2021,960,328,0.969791667,931,244,960,NA,0.341666667,0,328,2,2.76042,33.311638,11.29662132,13.62781715
Patongo,3/1/2021,808,202,0.959158416,775,355,808,NA,0.25,0,202,3,2.76042,33.311638,13.62781715,48.10067368
Patongo,4/1/2021,615,155,1,615,301,615,NA,0.25203252,0,155,4,2.76042,33.311638,48.10067368,140.9427185
Patongo,5/1/2021,911,434,0.969264544,883,264,911,NA,0.476399561,0,434,5,2.76042,33.311638,140.9427185,174.5042725
Patongo,6/1/2021,1136,437,0.76584507,870,217,1136,NA,0.384683099,0,437,6,2.76042,33.311638,174.5042725,61.14599228
Patongo,7/1/2021,1304,672,0.898006135,1171,196,1304,NA,0.515337423,0,672,7,2.76042,33.311638,61.14599228,127.7531281
Patongo,8/1/2021,1284,712,0.579439252,744,425,1284,NA,0.554517134,0,712,8,2.76042,33.311638,127.7531281,136.0912018
Patongo,9/1/2021,373,196,0.407506702,152,318,373,NA,0.525469169,0,196,9,2.76042,33.311638,136.0912018,138.5088348
Patongo,10/1/2021,802,488,0.986284289,791,127,802,NA,0.608478803,0,488,10,2.76042,33.311638,138.5088348,85.45085144
